SampleID,BarcodeSequence,LinkerPrimerSequence,ReversePrimer,TreatmentID,LID,Species,Site,SiteAbbreviation,FieldType,SiteSoil,Treatment,IncubationTime,TreatTime,Crop,Longitude,Latitude_m,Latitude_defined,Group,Altitude,Index,pH,Description
SYRU1,AACCGGAT,ACTCCTACGGGAGGCAGCA,GGACTACTGGGGTTTCTAAT,1_U_1,16S1_1,Bacteria,SanYa,SY,Upland,SYUpland,RawSoil,D0,RawSoil_D0,MangoOrchard,109.65,18.34,Low_Latitude,Upland_Low_Latitude,40,1,6.61,SYRU1
SYRU2,AACTACGG,ACTCCTACGGGAGGCAGCA,GGACTACTGGGGTTTCTAAT,1_U_2,16S1_2,Bacteria,SanYa,SY,Upland,SYUpland,RawSoil,D0,RawSoil_D0,Orchard,109.65,18.34,Low_Latitude,Upland_Low_Latitude,30,2,6.28,SYRU2
SYRU3,AAGACGCG,ACTCCTACGGGAGGCAGCA,GGACTACTGGGGTTTCTAAT,1_U_3,16S1_3,Bacteria,SanYa,SY,Upland,SYUpland,RawSoil,D0,RawSoil_D0,Maize,109.64,18.34,Low_Latitude,Upland_Low_Latitude,40,3,6.11,SYRU3
HKRU1,AAGGTAGC,ACTCCTACGGGAGGCAGCA,GGACTACTGGGGTTTCTAAT,2_U_1,16S1_4,Bacteria,HaiKou,HK,Upland,HKUpland,RawSoil,D0,RawSoil_D0,LitchiOrchard,110.2,19.76,Low_Latitude,Upland_Low_Latitude,50,4,5.89,HKRU1
HKRU2,AATAATAC,ACTCCTACGGGAGGCAGCA,GGACTACTGGGGTTTCTAAT,2_U_2,16S1_5,Bacteria,HaiKou,HK,Upland,HKUpland,RawSoil,D0,RawSoil_D0,LitchiOrchard,110.2,19.76,Low_Latitude,Upland_Low_Latitude,40,5,5.96,HKRU2
HKRU3,AATCTCCA,ACTCCTACGGGAGGCAGCA,GGACTACTGGGGTTTCTAAT,2_U_3,16S1_6,Bacteria,HaiKou,HK,Upland,HKUpland,RawSoil,D0,RawSoil_D0,LitchiOrchard,110.2,19.76,Low_Latitude,Upland_Low_Latitude,40,6,5.74,HKRU3
SXRU1,AATTCATT,ACTCCTACGGGAGGCAGCA,GGACTACTGGGGTTTCTAAT,3_U_1,16S1_7,Bacteria,SuiXi,SX,Upland,SXUpland,RawSoil,D0,RawSoil_D0,Saccharum,110.26,21.4,Low_Latitude,Upland_Low_Latitude,20,7,5.51,SXRU1
SXRU2,ACGCAATG,ACTCCTACGGGAGGCAGCA,GGACTACTGGGGTTTCTAAT,3_U_2,16S1_8,Bacteria,SuiXi,SX,Upland,SXUpland,RawSoil,D0,RawSoil_D0,Saccharum,110.25,21.4,Low_Latitude,Upland_Low_Latitude,30,8,5.35,SXRU2
SXRU3,ACTGCCAG,ACTCCTACGGGAGGCAGCA,GGACTACTGGGGTTTCTAAT,3_U_3,16S1_9,Bacteria,SuiXi,SX,Upland,SXUpland,RawSoil,D0,RawSoil_D0,Saccharum,110.25,21.43,Low_Latitude,Upland_Low_Latitude,30,9,5.22,SXRU3
YLRU1,ACTTGGCC,ACTCCTACGGGAGGCAGCA,GGACTACTGGGGTTTCTAAT,4_U_1,16S1_10,Bacteria,YuLin,YL,Upland,YLUpland,RawSoil,D0,RawSoil_D0,Maize,110.1,22.57,Low_Latitude,Upland_Low_Latitude,70,10,5.65,YLRU1
YLRU2,AGCGAGTC,ACTCCTACGGGAGGCAGCA,GGACTACTGGGGTTTCTAAT,4_U_2,16S1_11,Bacteria,YuLin,YL,Upland,YLUpland,RawSoil,D0,RawSoil_D0,Maize,110.09,22.57,Low_Latitude,Upland_Low_Latitude,80,11,5.55,YLRU2
YLRU3,AGGATCAT,ACTCCTACGGGAGGCAGCA,GGACTACTGGGGTTTCTAAT,4_U_3,16S1_12,Bacteria,YuLin,YL,Upland,YLUpland,RawSoil,D0,RawSoil_D0,Maize,110.09,22.56,Low_Latitude,Upland_Low_Latitude,80,12,5.39,YLRU3
WZRU1,ATAACCTC,ACTCCTACGGGAGGCAGCA,GGACTACTGGGGTTTCTAAT,5_U_1,16S1_13,Bacteria,WuZhou,WZ,Upland,WZUpland,RawSoil,D0,RawSoil_D0,Maize,111.34,23.55,Low_Latitude,Upland_Low_Latitude,20,13,5.98,WZRU1
WZRU2,ATAGATCT,ACTCCTACGGGAGGCAGCA,GGACTACTGGGGTTTCTAAT,5_U_2,16S1_14,Bacteria,WuZhou,WZ,Upland,WZUpland,RawSoil,D0,RawSoil_D0,Maize,111.35,23.55,Low_Latitude,Upland_Low_Latitude,30,14,5.61,WZRU2
WZRU3,ATATTGAG,ACTCCTACGGGAGGCAGCA,GGACTACTGGGGTTTCTAAT,5_U_3,16S1_15,Bacteria,WuZhou,WZ,Upland,WZUpland,RawSoil,D0,RawSoil_D0,Peanut,111.35,23.56,Low_Latitude,Upland_Low_Latitude,30,15,5.51,WZRU3
JHRU1,ATTAGAGG,ACTCCTACGGGAGGCAGCA,GGACTACTGGGGTTTCTAAT,6_U_1,16S1_16,Bacteria,JiangHua,JH,Upland,JHUpland,RawSoil,D0,RawSoil_D0,Peanut,111.58,25.21,Low_Latitude,Upland_Low_Latitude,220,16,6.1,JHRU1
JHRU2,CAGGACTT,ACTCCTACGGGAGGCAGCA,GGACTACTGGGGTTTCTAAT,6_U_2,16S1_17,Bacteria,JiangHua,JH,Upland,JHUpland,RawSoil,D0,RawSoil_D0,Teabush,111.57,25.21,Low_Latitude,Upland_Low_Latitude,210,17,5.75,JHRU2
JHRU3,CATCCTGG,ACTCCTACGGGAGGCAGCA,GGACTACTGGGGTTTCTAAT,6_U_3,16S1_18,Bacteria,JiangHua,JH,Upland,JHUpland,RawSoil,D0,RawSoil_D0,Peanut,111.57,25.21,Low_Latitude,Upland_Low_Latitude,200,18,5.46,JHRU3
QYRU1,CCAATTGC,ACTCCTACGGGAGGCAGCA,GGACTACTGGGGTTTCTAAT,7_U_1,16S1_19,Bacteria,QiYang,QY,Upland,QYUpland,RawSoil,D0,RawSoil_D0,Maize,111.87,26.76,Low_Latitude,Upland_Low_Latitude,120,19,5.38,QYRU1
QYRU2,CCGCTGCT,ACTCCTACGGGAGGCAGCA,GGACTACTGGGGTTTCTAAT,7_U_2,16S1_20,Bacteria,QiYang,QY,Upland,QYUpland,RawSoil,D0,RawSoil_D0,SweetPotato,111.87,26.76,Low_Latitude,Upland_Low_Latitude,140,20,5.08,QYRU2
QYRU3,CGATATTG,ACTCCTACGGGAGGCAGCA,GGACTACTGGGGTTTCTAAT,7_U_3,16S1_21,Bacteria,QiYang,QY,Upland,QYUpland,RawSoil,D0,RawSoil_D0,Maize,111.87,26.77,Low_Latitude,Upland_Low_Latitude,120,21,5.2,QYRU3
LDRU1,CTCCGATC,ACTCCTACGGGAGGCAGCA,GGACTACTGGGGTTTCTAAT,8_U_1,16S1_22,Bacteria,LouDi,LD,Upland,LDUpland,RawSoil,D0,RawSoil_D0,Teabush,112.01,27.64,Low_Latitude,Upland_Low_Latitude,140,22,5.56,LDRU1
LDRU2,CTCTCGGT,ACTCCTACGGGAGGCAGCA,GGACTACTGGGGTTTCTAAT,8_U_2,16S1_23,Bacteria,LouDi,LD,Upland,LDUpland,RawSoil,D0,RawSoil_D0,Maize,112.01,27.64,Low_Latitude,Upland_Low_Latitude,140,23,5.5,LDRU2
LDRU3,GCAAGGTT,ACTCCTACGGGAGGCAGCA,GGACTACTGGGGTTTCTAAT,8_U_4,16S1_24,Bacteria,LouDi,LD,Upland,LDUpland,RawSoil,D0,RawSoil_D0,Vegetable,112.03,27.62,Low_Latitude,Upland_Low_Latitude,150,24,5.5,LDRU3
YiYangRU1,GCGTATAT,ACTCCTACGGGAGGCAGCA,GGACTACTGGGGTTTCTAAT,9_U_5,16S1_25,Bacteria,YiYang,YiYang,Upland,YiYangUpland,RawSoil,D0,RawSoil_D0,Grape,112.44,28.58,Low_Latitude,Upland_Low_Latitude,30,25,5.4,YiYangRU1
YiYangRU2,GGAGTCGG,ACTCCTACGGGAGGCAGCA,GGACTACTGGGGTTTCTAAT,9_U_6,16S1_26,Bacteria,YiYang,YiYang,Upland,YiYangUpland,RawSoil,D0,RawSoil_D0,Grape,112.44,28.58,Low_Latitude,Upland_Low_Latitude,30,26,5.28,YiYangRU2
YiYangRU3,GGCCTTCC,ACTCCTACGGGAGGCAGCA,GGACTACTGGGGTTTCTAAT,9_U_7,16S1_27,Bacteria,YiYang,YiYang,Upland,YiYangUpland,RawSoil,D0,RawSoil_D0,Grape,112.44,28.58,Low_Latitude,Upland_Low_Latitude,30,27,5.05,YiYangRU3
HRRU1,GGTTAAGC,ACTCCTACGGGAGGCAGCA,GGACTACTGGGGTTTCTAAT,10_U_1,16S1_28,Bacteria,HuaRong,HR,Upland,HRUpland,RawSoil,D0,RawSoil_D0,Cole,112.66,29.51,Low_Latitude,Upland_Low_Latitude,35,28,6.54,HRRU1
HRRU2,AACCGGAT,ACTCCTACGGGAGGCAGCA,GGACTACTGGGGTTTCTAAT,10_U_2,16S1_29,Bacteria,HuaRong,HR,Upland,HRUpland,RawSoil,D0,RawSoil_D0,Cole,112.66,29.51,Low_Latitude,Upland_Low_Latitude,35,1,6.65,HRRU2
HRRU3,TATGAACG,ACTCCTACGGGAGGCAGCA,GGACTACTGGGGTTTCTAAT,10_U_3,16S1_30,Bacteria,HuaRong,HR,Upland,HRUpland,RawSoil,D0,RawSoil_D0,Cole,112.66,29.51,Low_Latitude,Upland_Low_Latitude,35,30,6.69,HRRU3
QJRU1,TCCGGCGT,ACTCCTACGGGAGGCAGCA,GGACTACTGGGGTTTCTAAT,11_U_1,16S1_31,Bacteria,QianJiang,QJ,Upland,QJUpland,RawSoil,D0,RawSoil_D0,Wheat,112.9,30.46,Mid_Latitude,Upland_Mid_Latitude,30,31,6.73,QJRU1
QJRU2,TCCTTAAC,ACTCCTACGGGAGGCAGCA,GGACTACTGGGGTTTCTAAT,11_U_2,16S1_32,Bacteria,QianJiang,QJ,Upland,QJUpland,RawSoil,D0,RawSoil_D0,Wheat,112.9,30.46,Mid_Latitude,Upland_Mid_Latitude,30,32,6.71,QJRU2
QJRU3,TCTACTCT,ACTCCTACGGGAGGCAGCA,GGACTACTGGGGTTTCTAAT,11_U_3,16S1_33,Bacteria,QianJiang,QJ,Upland,QJUpland,RawSoil,D0,RawSoil_D0,Wheat,112.9,30.46,Mid_Latitude,Upland_Mid_Latitude,40,33,6.73,QJRU3
XGRU1,TGAGCGAT,ACTCCTACGGGAGGCAGCA,GGACTACTGGGGTTTCTAAT,12_U_1,16S1_34,Bacteria,XiaoGan,XG,Upland,XGUpland,RawSoil,D0,RawSoil_D0,Cotton,113.85,30.94,Mid_Latitude,Upland_Mid_Latitude,20,34,6.34,XGRU1
XGRU2,AACTACGG,ACTCCTACGGGAGGCAGCA,GGACTACTGGGGTTTCTAAT,12_U_2,16S1_35,Bacteria,XiaoGan,XG,Upland,XGUpland,RawSoil,D0,RawSoil_D0,Wheat,113.85,30.94,Mid_Latitude,Upland_Mid_Latitude,20,2,5.92,XGRU2
XGRU3,TTACTAGT,ACTCCTACGGGAGGCAGCA,GGACTACTGGGGTTTCTAAT,12_U_3,16S1_36,Bacteria,XiaoGan,XG,Upland,XGUpland,RawSoil,D0,RawSoil_D0,Wheat,113.85,30.94,Mid_Latitude,Upland_Mid_Latitude,30,36,5.63,XGRU3
XYRU1,TTCATCCG,ACTCCTACGGGAGGCAGCA,GGACTACTGGGGTTTCTAAT,13_U_1,16S1_37,Bacteria,XinYang,XY,Upland,XYUpland,RawSoil,D0,RawSoil_D0,Maize,114.08,32.2,Mid_Latitude,Upland_Mid_Latitude,120,37,5.8,XYRU1
XYRU2,TTGCAGAC,ACTCCTACGGGAGGCAGCA,GGACTACTGGGGTTTCTAAT,13_U_2,16S1_38,Bacteria,XinYang,XY,Upland,XYUpland,RawSoil,D0,RawSoil_D0,Maize,114.08,32.2,Mid_Latitude,Upland_Mid_Latitude,110,38,5.16,XYRU2
XYRU3,TTGGCTTG,ACTCCTACGGGAGGCAGCA,GGACTACTGGGGTTTCTAAT,13_U_3,16S1_39,Bacteria,XinYang,XY,Upland,XYUpland,RawSoil,D0,RawSoil_D0,Maize,114.08,32.2,Mid_Latitude,Upland_Mid_Latitude,110,39,5.79,XYRU3
LHRU1,CCATCCTT,ACTCCTACGGGAGGCAGCA,GGACTACTGGGGTTTCTAAT,14_U_1,16S1_40,Bacteria,LuoHe,LH,Upland,LHUpland,RawSoil,D0,RawSoil_D0,Wheat,113.96,33.52,Mid_Latitude,Upland_Mid_Latitude,60,40,6.61,LHRU1
LHRU2,AACGTTAC,ACTCCTACGGGAGGCAGCA,GGACTACTGGGGTTTCTAAT,14_U_2,16S1_41,Bacteria,LuoHe,LH,Upland,LHUpland,RawSoil,D0,RawSoil_D0,Wheat,113.96,33.52,Mid_Latitude,Upland_Mid_Latitude,60,41,4.56,LHRU2
LHRU3,AATTGCCG,ACTCCTACGGGAGGCAGCA,GGACTACTGGGGTTTCTAAT,14_U_3,16S1_42,Bacteria,LuoHe,LH,Upland,LHUpland,RawSoil,D0,RawSoil_D0,Wheat,113.47,33.52,Mid_Latitude,Upland_Mid_Latitude,60,42,6.12,LHRU3
YYRU1,AGAGAACT,ACTCCTACGGGAGGCAGCA,GGACTACTGGGGTTTCTAAT,15_U_1,16S1_43,Bacteria,YuanYang,YY,Upland,YYUpland,RawSoil,D0,RawSoil_D0,Wheat,113.69,35.01,Mid_Latitude,Upland_Mid_Latitude,80,43,6.73,YYRU1
YYRU2,CAGCCGTT,ACTCCTACGGGAGGCAGCA,GGACTACTGGGGTTTCTAAT,15_U_2,16S1_44,Bacteria,YuanYang,YY,Upland,YYUpland,RawSoil,D0,RawSoil_D0,Wheat,113.69,35,Mid_Latitude,Upland_Mid_Latitude,90,44,6.89,YYRU2
YYRU3,CCAATCAG,ACTCCTACGGGAGGCAGCA,GGACTACTGGGGTTTCTAAT,15_U_3,16S1_45,Bacteria,YuanYang,YY,Upland,YYUpland,RawSoil,D0,RawSoil_D0,Wheat,113.68,35.02,Mid_Latitude,Upland_Mid_Latitude,90,45,7.02,YYRU3
HDRU1,CCTTAGGC,ACTCCTACGGGAGGCAGCA,GGACTACTGGGGTTTCTAAT,16_U_1,16S1_46,Bacteria,HanDan,HD,Upland,HDUpland,RawSoil,D0,RawSoil_D0,Wheat,114.44,36.43,Mid_Latitude,Upland_Mid_Latitude,60,46,7,HDRU1
HDRU2,GGATCTTG,ACTCCTACGGGAGGCAGCA,GGACTACTGGGGTTTCTAAT,16_U_2,16S1_47,Bacteria,HanDan,HD,Upland,HDUpland,RawSoil,D0,RawSoil_D0,Wheat,114.44,36.44,Mid_Latitude,Upland_Mid_Latitude,60,47,7.04,HDRU2
HDRU3,TCCGCGCG,ACTCCTACGGGAGGCAGCA,GGACTACTGGGGTTTCTAAT,16_U_3,16S1_48,Bacteria,HanDan,HD,Upland,HDUpland,RawSoil,D0,RawSoil_D0,Wheat,114.44,36.44,Mid_Latitude,Upland_Mid_Latitude,60,48,7.05,HDRU3
XJRU1,TCTAGATT,ACTCCTACGGGAGGCAGCA,GGACTACTGGGGTTTCTAAT,17_U_1,16S1_49,Bacteria,XinJi,XJ,Upland,XJUpland,RawSoil,D0,RawSoil_D0,Wheat,115.22,37.88,Mid_Latitude,Upland_Mid_Latitude,40,49,6.88,XJRU1
XJRU2,TTACCAAC,ACTCCTACGGGAGGCAGCA,GGACTACTGGGGTTTCTAAT,17_U_2,16S1_50,Bacteria,XinJi,XJ,Upland,XJUpland,RawSoil,D0,RawSoil_D0,Wheat,115.22,37.88,Mid_Latitude,Upland_Mid_Latitude,40,50,7.17,XJRU2
XJRU3,TTCTTCTA,ACTCCTACGGGAGGCAGCA,GGACTACTGGGGTTTCTAAT,17_U_3,16S1_51,Bacteria,XinJi,XJ,Upland,XJUpland,RawSoil,D0,RawSoil_D0,Wheat,115.22,37.88,Mid_Latitude,Upland_Mid_Latitude,30,51,7.54,XJRU3
BZRU1,TTGAATGG,ACTCCTACGGGAGGCAGCA,GGACTACTGGGGTTTCTAAT,18_U_1,16S1_52,Bacteria,BaZhou,BZ,Upland,BZUpland,RawSoil,D0,RawSoil_D0,Wheat,116.32,39.15,Mid_Latitude,Upland_Mid_Latitude,10,52,7.48,BZRU1
BZRU2,AACCGGAT,ACTCCTACGGGAGGCAGCA,GGACTACHVGGGTWTCTAAT,18_U_2,16S2_1,Bacteria,BaZhou,BZ,Upland,BZUpland,RawSoil,D0,RawSoil_D0,Wheat,116.31,39.15,Mid_Latitude,Upland_Mid_Latitude,10,1,7.58,BZRU2
BZRU3,AACTACGG,ACTCCTACGGGAGGCAGCA,GGACTACHVGGGTWTCTAAT,18_U_3,16S2_2,Bacteria,BaZhou,BZ,Upland,BZUpland,RawSoil,D0,RawSoil_D0,Wheat,116.32,39.14,Mid_Latitude,Upland_Mid_Latitude,10,2,7.56,BZRU3
QHDRU1,AAGACGCG,ACTCCTACGGGAGGCAGCA,GGACTACHVGGGTWTCTAAT,19_U_1,16S2_3,Bacteria,QinHuangDao,QHD,Upland,QHDUpland,RawSoil,D0,RawSoil_D0,Maize,119.36,39.82,Mid_Latitude,Upland_Mid_Latitude,10,3,7.43,QHDRU1
QHDRU2,AAGGTAGC,ACTCCTACGGGAGGCAGCA,GGACTACHVGGGTWTCTAAT,19_U_2,16S2_4,Bacteria,QinHuangDao,QHD,Upland,QHDUpland,RawSoil,D0,RawSoil_D0,Maize,119.36,39.83,Mid_Latitude,Upland_Mid_Latitude,10,4,7.26,QHDRU2
QHDRU3,AATAATAC,ACTCCTACGGGAGGCAGCA,GGACTACHVGGGTWTCTAAT,19_U_3,16S2_5,Bacteria,QinHuangDao,QHD,Upland,QHDUpland,RawSoil,D0,RawSoil_D0,Maize,119.35,39.81,Mid_Latitude,Upland_Mid_Latitude,10,5,7.37,QHDRU3
PJRU1,AATCTCCA,ACTCCTACGGGAGGCAGCA,GGACTACHVGGGTWTCTAAT,20_U_1,16S2_6,Bacteria,PanJin,PJ,Upland,PJUpland,RawSoil,D0,RawSoil_D0,Maize,122.13,41.24,High_Latitude,Upland_High_Latitude,0,6,7.15,PJRU1
PJRU2,AATTCATT,ACTCCTACGGGAGGCAGCA,GGACTACHVGGGTWTCTAAT,20_U_2,16S2_7,Bacteria,PanJin,PJ,Upland,PJUpland,RawSoil,D0,RawSoil_D0,Maize,122.13,41.24,High_Latitude,Upland_High_Latitude,0,7,7.11,PJRU2
PJRU3,ACGCAATG,ACTCCTACGGGAGGCAGCA,GGACTACHVGGGTWTCTAAT,20_U_3,16S2_8,Bacteria,PanJin,PJ,Upland,PJUpland,RawSoil,D0,RawSoil_D0,Maize,122.12,41.24,High_Latitude,Upland_High_Latitude,0,8,7.2,PJRU3
SYSRU1,ACTGCCAG,ACTCCTACGGGAGGCAGCA,GGACTACHVGGGTWTCTAAT,21_U_1,16S2_9,Bacteria,ShengYang,SYS,Upland,SYSUpland,RawSoil,D0,RawSoil_D0,Maize,123.36,42,High_Latitude,Upland_High_Latitude,50,9,6.7,SYSRU1
SYSRU2,ACTTGGCC,ACTCCTACGGGAGGCAGCA,GGACTACHVGGGTWTCTAAT,21_U_2,16S2_10,Bacteria,ShengYang,SYS,Upland,SYSUpland,RawSoil,D0,RawSoil_D0,Maize,123.36,42,High_Latitude,Upland_High_Latitude,50,10,6.66,SYSRU2
SYSRU3,AGCGAGTC,ACTCCTACGGGAGGCAGCA,GGACTACHVGGGTWTCTAAT,21_U_3,16S2_11,Bacteria,ShengYang,SYS,Upland,SYSUpland,RawSoil,D0,RawSoil_D0,Maize,123.36,42,High_Latitude,Upland_High_Latitude,50,11,6.14,SYSRU3
SPRU1,AGGATCAT,ACTCCTACGGGAGGCAGCA,GGACTACHVGGGTWTCTAAT,22_U_1,16S2_12,Bacteria,SiPing,SP,Upland,SPUpland,RawSoil,D0,RawSoil_D0,Maize,124.37,43.26,High_Latitude,Upland_High_Latitude,160,12,5.98,SPRU1
SPRU2,ATAACCTC,ACTCCTACGGGAGGCAGCA,GGACTACHVGGGTWTCTAAT,22_U_2,16S2_13,Bacteria,SiPing,SP,Upland,SPUpland,RawSoil,D0,RawSoil_D0,Maize,124.37,43.26,High_Latitude,Upland_High_Latitude,170,13,5.99,SPRU2
SPRU3,ATAGATCT,ACTCCTACGGGAGGCAGCA,GGACTACHVGGGTWTCTAAT,22_U_3,16S2_14,Bacteria,SiPing,SP,Upland,SPUpland,RawSoil,D0,RawSoil_D0,Maize,124.38,43.25,High_Latitude,Upland_High_Latitude,170,14,6.12,SPRU3
DHRU1,ATATTGAG,ACTCCTACGGGAGGCAGCA,GGACTACHVGGGTWTCTAAT,23_U_1,16S2_15,Bacteria,DeHui,DH,Upland,DHUpland,RawSoil,D0,RawSoil_D0,Maize,125.76,44.55,High_Latitude,Upland_High_Latitude,150,15,6.21,DHRU1
DHRU2,ATTAGAGG,ACTCCTACGGGAGGCAGCA,GGACTACHVGGGTWTCTAAT,23_U_2,16S2_16,Bacteria,DeHui,DH,Upland,DHUpland,RawSoil,D0,RawSoil_D0,Maize,125.77,44.55,High_Latitude,Upland_High_Latitude,150,16,5.62,DHRU2
DHRU3,CAGGACTT,ACTCCTACGGGAGGCAGCA,GGACTACHVGGGTWTCTAAT,23_U_3,16S2_17,Bacteria,DeHui,DH,Upland,DHUpland,RawSoil,D0,RawSoil_D0,Maize,125.77,44.55,High_Latitude,Upland_High_Latitude,160,17,5.26,DHRU3
HLRU1,CATCCTGG,ACTCCTACGGGAGGCAGCA,GGACTACHVGGGTWTCTAAT,24_U_1,16S2_18,Bacteria,HaiLun,HL,Upland,HLUpland,RawSoil,D0,RawSoil_D0,Maize,127.01,47.46,High_Latitude,Upland_High_Latitude,230,18,5.56,HLRU1
HLRU2,CCAATTGC,ACTCCTACGGGAGGCAGCA,GGACTACHVGGGTWTCTAAT,24_U_2,16S2_19,Bacteria,HaiLun,HL,Upland,HLUpland,RawSoil,D0,RawSoil_D0,Maize,127.01,47.46,High_Latitude,Upland_High_Latitude,240,19,5.58,HLRU2
HLRU3,CCGCTGCT,ACTCCTACGGGAGGCAGCA,GGACTACHVGGGTWTCTAAT,24_U_3,16S2_20,Bacteria,HaiLun,HL,Upland,HLUpland,RawSoil,D0,RawSoil_D0,Maize,127.01,47.46,High_Latitude,Upland_High_Latitude,240,20,5.51,HLRU3
HEBRU1,CGATATTG,ACTCCTACGGGAGGCAGCA,GGACTACHVGGGTWTCTAAT,25_U_1,16S2_21,Bacteria,HaErBin,HEB,Upland,HEBUpland,RawSoil,D0,RawSoil_D0,Maize,126.8,45.83,High_Latitude,Upland_High_Latitude,120,21,5.96,HEBRU1
HEBRU2,CTCCGATC,ACTCCTACGGGAGGCAGCA,GGACTACHVGGGTWTCTAAT,25_U_2,16S2_22,Bacteria,HaErBin,HEB,Upland,HEBUpland,RawSoil,D0,RawSoil_D0,Maize,126.8,45.83,High_Latitude,Upland_High_Latitude,120,22,6.05,HEBRU2
HEBRU3,CTCTCGGT,ACTCCTACGGGAGGCAGCA,GGACTACHVGGGTWTCTAAT,25_U_3,16S2_23,Bacteria,HaErBin,HEB,Upland,HEBUpland,RawSoil,D0,RawSoil_D0,Maize,126.8,45.83,High_Latitude,Upland_High_Latitude,120,23,6.12,HEBRU3
NJRU1,GCAAGGTT,ACTCCTACGGGAGGCAGCA,GGACTACHVGGGTWTCTAAT,26_U_1,16S2_24,Bacteria,NenJiang,NJ,Upland,NJUpland,RawSoil,D0,RawSoil_D0,Maize,125.18,49.13,High_Latitude,Upland_High_Latitude,240,24,5.94,NJRU1
NJRU2,GCGTATAT,ACTCCTACGGGAGGCAGCA,GGACTACHVGGGTWTCTAAT,26_U_2,16S2_25,Bacteria,NenJiang,NJ,Upland,NJUpland,RawSoil,D0,RawSoil_D0,Maize,125.18,49.14,High_Latitude,Upland_High_Latitude,240,25,5.87,NJRU2
NJRU3,GGAGTCGG,ACTCCTACGGGAGGCAGCA,GGACTACHVGGGTWTCTAAT,26_U_3,16S2_26,Bacteria,NenJiang,NJ,Upland,NJUpland,RawSoil,D0,RawSoil_D0,Maize,125.17,49.14,High_Latitude,Upland_High_Latitude,230,26,5.84,NJRU3
HMRU1,GGCCTTCC,ACTCCTACGGGAGGCAGCA,GGACTACHVGGGTWTCTAAT,27_U_1,16S2_27,Bacteria,HuMa,HM,Upland,HMUpland,RawSoil,D0,RawSoil_D0,Maize,126.62,51.72,High_Latitude,Upland_High_Latitude,210,27,5.86,HMRU1
HMRU2,GGTTAAGC,ACTCCTACGGGAGGCAGCA,GGACTACHVGGGTWTCTAAT,27_U_2,16S2_28,Bacteria,HuMa,HM,Upland,HMUpland,RawSoil,D0,RawSoil_D0,Maize,126.62,51.72,High_Latitude,Upland_High_Latitude,190,28,5.77,HMRU2
HMRU3,AAGACGCG,ACTCCTACGGGAGGCAGCA,GGACTACHVGGGTWTCTAAT,27_U_3,16S2_29,Bacteria,HuMa,HM,Upland,HMUpland,RawSoil,D0,RawSoil_D0,Maize,126.62,57.72,High_Latitude,Upland_High_Latitude,180,3,5.77,HMRU3
MHRU1,TATGAACG,ACTCCTACGGGAGGCAGCA,GGACTACHVGGGTWTCTAAT,28_U_1,16S2_30,Bacteria,MoHe,MH,Upland,MHUpland,RawSoil,D0,RawSoil_D0,Soybean,122.35,53.49,High_Latitude,Upland_High_Latitude,300,30,5.82,MHRU1
MHRU2,TCCGGCGT,ACTCCTACGGGAGGCAGCA,GGACTACHVGGGTWTCTAAT,28_U_2,16S2_31,Bacteria,MoHe,MH,Upland,MHUpland,RawSoil,D0,RawSoil_D0,Soybean,122.35,53.49,High_Latitude,Upland_High_Latitude,300,31,5.67,MHRU2
MHRU3,TCCTTAAC,ACTCCTACGGGAGGCAGCA,GGACTACHVGGGTWTCTAAT,28_U_3,16S2_32,Bacteria,MoHe,MH,Upland,MHUpland,RawSoil,D0,RawSoil_D0,Soybean,122.34,53.49,High_Latitude,Upland_High_Latitude,300,32,5.86,MHRU3
SYRP1,TCTACTCT,ACTCCTACGGGAGGCAGCA,GGACTACHVGGGTWTCTAAT,1_P_1,16S2_33,Bacteria,SanYa,SY,Paddy,SYPaddy,RawSoil,D0,RawSoil_D0,Rice,109.65,18.34,Low_Latitude,Paddy_Low_Latitude,30,33,5.75,SYRP1
SYRP2,TGAGCGAT,ACTCCTACGGGAGGCAGCA,GGACTACHVGGGTWTCTAAT,1_P_2,16S2_34,Bacteria,SanYa,SY,Paddy,SYPaddy,RawSoil,D0,RawSoil_D0,Rice,109.65,18.34,Low_Latitude,Paddy_Low_Latitude,40,34,5.85,SYRP2
SYRP3,AAGGTAGC,ACTCCTACGGGAGGCAGCA,GGACTACHVGGGTWTCTAAT,1_P_3,16S2_35,Bacteria,SanYa,SY,Paddy,SYPaddy,RawSoil,D0,RawSoil_D0,Rice,109.65,18.34,Low_Latitude,Paddy_Low_Latitude,30,4,6.05,SYRP3
HKRP1,TTACTAGT,ACTCCTACGGGAGGCAGCA,GGACTACHVGGGTWTCTAAT,2_P_1,16S2_36,Bacteria,HaiKou,HK,Paddy,HKPaddy,RawSoil,D0,RawSoil_D0,Rice,110.25,19.81,Low_Latitude,Paddy_Low_Latitude,30,36,6.07,HKRP1
HKRP2,TTCATCCG,ACTCCTACGGGAGGCAGCA,GGACTACHVGGGTWTCTAAT,2_P_2,16S2_37,Bacteria,HaiKou,HK,Paddy,HKPaddy,RawSoil,D0,RawSoil_D0,Rice,110.25,19.8,Low_Latitude,Paddy_Low_Latitude,30,37,6.1,HKRP2
HKRP3,TTGCAGAC,ACTCCTACGGGAGGCAGCA,GGACTACHVGGGTWTCTAAT,2_P_3,16S2_38,Bacteria,HaiKou,HK,Paddy,HKPaddy,RawSoil,D0,RawSoil_D0,Rice,110.26,19.82,Low_Latitude,Paddy_Low_Latitude,50,38,5.8,HKRP3
SXRP1,TTGGCTTG,ACTCCTACGGGAGGCAGCA,GGACTACHVGGGTWTCTAAT,3_P_1,16S2_39,Bacteria,SuiXi,SX,Paddy,SXPaddy,RawSoil,D0,RawSoil_D0,Rice,110.26,21.4,Low_Latitude,Paddy_Low_Latitude,40,39,5.81,SXRP1
SXRP2,CCATCCTT,ACTCCTACGGGAGGCAGCA,GGACTACHVGGGTWTCTAAT,3_P_2,16S2_40,Bacteria,SuiXi,SX,Paddy,SXPaddy,RawSoil,D0,RawSoil_D0,Rice,110.26,21.4,Low_Latitude,Paddy_Low_Latitude,20,40,5.85,SXRP2
SXRP3,AACGTTAC,ACTCCTACGGGAGGCAGCA,GGACTACHVGGGTWTCTAAT,3_P_3,16S2_41,Bacteria,SuiXi,SX,Paddy,SXPaddy,RawSoil,D0,RawSoil_D0,Rice,110.25,21.43,Low_Latitude,Paddy_Low_Latitude,20,41,5.89,SXRP3
YLRP1,AATTGCCG,ACTCCTACGGGAGGCAGCA,GGACTACHVGGGTWTCTAAT,4_P_1,16S2_42,Bacteria,YuLin,YL,Paddy,YLPaddy,RawSoil,D0,RawSoil_D0,Rice,110.09,22.57,Low_Latitude,Paddy_Low_Latitude,80,42,5.67,YLRP1
YLRP2,AGAGAACT,ACTCCTACGGGAGGCAGCA,GGACTACHVGGGTWTCTAAT,4_P_2,16S2_43,Bacteria,YuLin,YL,Paddy,YLPaddy,RawSoil,D0,RawSoil_D0,Rice,110.09,22.57,Low_Latitude,Paddy_Low_Latitude,70,43,5.79,YLRP2
YLRP3,CAGCCGTT,ACTCCTACGGGAGGCAGCA,GGACTACHVGGGTWTCTAAT,4_P_3,16S2_44,Bacteria,YuLin,YL,Paddy,YLPaddy,RawSoil,D0,RawSoil_D0,Rice,110.09,22.56,Low_Latitude,Paddy_Low_Latitude,80,44,5.65,YLRP3
WZRP1,CCAATCAG,ACTCCTACGGGAGGCAGCA,GGACTACHVGGGTWTCTAAT,5_P_1,16S2_45,Bacteria,WuZhou,WZ,Paddy,WZPaddy,RawSoil,D0,RawSoil_D0,Rice,111.35,23.55,Low_Latitude,Paddy_Low_Latitude,20,45,4.92,WZRP1
WZRP2,CCTTAGGC,ACTCCTACGGGAGGCAGCA,GGACTACHVGGGTWTCTAAT,5_P_2,16S2_46,Bacteria,WuZhou,WZ,Paddy,WZPaddy,RawSoil,D0,RawSoil_D0,Rice,111.35,23.55,Low_Latitude,Paddy_Low_Latitude,10,46,4.58,WZRP2
WZRP3,GGATCTTG,ACTCCTACGGGAGGCAGCA,GGACTACHVGGGTWTCTAAT,5_P_3,16S2_47,Bacteria,WuZhou,WZ,Paddy,WZPaddy,RawSoil,D0,RawSoil_D0,Rice,111.35,23.55,Low_Latitude,Paddy_Low_Latitude,10,47,4.74,WZRP3
JHRP1,TCCGCGCG,ACTCCTACGGGAGGCAGCA,GGACTACHVGGGTWTCTAAT,6_P_1,16S2_48,Bacteria,JiangHua,JH,Paddy,JHPaddy,RawSoil,D0,RawSoil_D0,Rice,111.58,25.21,Low_Latitude,Paddy_Low_Latitude,220,48,5.34,JHRP1
JHRP2,TCTAGATT,ACTCCTACGGGAGGCAGCA,GGACTACHVGGGTWTCTAAT,6_P_2,16S2_49,Bacteria,JiangHua,JH,Paddy,JHPaddy,RawSoil,D0,RawSoil_D0,Rice,111.57,25.21,Low_Latitude,Paddy_Low_Latitude,220,49,5.47,JHRP2
JHRP3,TTACCAAC,ACTCCTACGGGAGGCAGCA,GGACTACHVGGGTWTCTAAT,6_P_3,16S2_50,Bacteria,JiangHua,JH,Paddy,JHPaddy,RawSoil,D0,RawSoil_D0,Rice,111.57,25.21,Low_Latitude,Paddy_Low_Latitude,210,50,5.44,JHRP3
QYRP1,TTCTTCTA,ACTCCTACGGGAGGCAGCA,GGACTACHVGGGTWTCTAAT,7_P_1,16S2_51,Bacteria,QiYang,QY,Paddy,QYPaddy,RawSoil,D0,RawSoil_D0,Rice,111.87,26.76,Low_Latitude,Paddy_Low_Latitude,130,51,5.74,QYRP1
QYRP2,TTGAATGG,ACTCCTACGGGAGGCAGCA,GGACTACHVGGGTWTCTAAT,7_P_2,16S2_52,Bacteria,QiYang,QY,Paddy,QYPaddy,RawSoil,D0,RawSoil_D0,Rice,111.87,26.76,Low_Latitude,Paddy_Low_Latitude,130,52,5.74,QYRP2
QYRP3,AACCGGAT,ACTCCTACGGGAGGCAGCA,GGACTACHVGGGTWTCTAAT,7_P_3,16S3_1,Bacteria,QiYang,QY,Paddy,QYPaddy,RawSoil,D0,RawSoil_D0,Rice,111.87,26.76,Low_Latitude,Paddy_Low_Latitude,130,1,6.39,QYRP3
LDRP1,AACTACGG,ACTCCTACGGGAGGCAGCA,GGACTACHVGGGTWTCTAAT,8_P_1,16S3_2,Bacteria,LouDi,LD,Paddy,LDPaddy,RawSoil,D0,RawSoil_D0,Rice,112.01,27.63,Low_Latitude,Paddy_Low_Latitude,140,2,6.62,LDRP1
LDRP2,AAGACGCG,ACTCCTACGGGAGGCAGCA,GGACTACHVGGGTWTCTAAT,8_P_2,16S3_3,Bacteria,LouDi,LD,Paddy,LDPaddy,RawSoil,D0,RawSoil_D0,Rice,112.01,27.63,Low_Latitude,Paddy_Low_Latitude,140,3,6.75,LDRP2
LDRP3,AAGGTAGC,ACTCCTACGGGAGGCAGCA,GGACTACHVGGGTWTCTAAT,8_P_3,16S3_4,Bacteria,LouDi,LD,Paddy,LDPaddy,RawSoil,D0,RawSoil_D0,Rice,112.03,27.62,Low_Latitude,Paddy_Low_Latitude,150,4,6.89,LDRP3
YiYangRP1,AATAATAC,ACTCCTACGGGAGGCAGCA,GGACTACHVGGGTWTCTAAT,9_P_1,16S3_5,Bacteria,YiYang,YiYang,Paddy,YiYangPaddy,RawSoil,D0,RawSoil_D0,Rice,112.41,28.6,Low_Latitude,Paddy_Low_Latitude,40,5,6.96,YiYangRP1
YiYangRP2,AATCTCCA,ACTCCTACGGGAGGCAGCA,GGACTACHVGGGTWTCTAAT,9_P_2,16S3_6,Bacteria,YiYang,YiYang,Paddy,YiYangPaddy,RawSoil,D0,RawSoil_D0,Rice,112.41,28.44,Low_Latitude,Paddy_Low_Latitude,40,6,6.74,YiYangRP2
YiYangRP3,AATTCATT,ACTCCTACGGGAGGCAGCA,GGACTACHVGGGTWTCTAAT,9_P_4,16S3_7,Bacteria,YiYang,YiYang,Paddy,YiYangPaddy,RawSoil,D0,RawSoil_D0,Rice,112.4,28.6,Low_Latitude,Paddy_Low_Latitude,30,7,6.56,YiYangRP3
HRRP1,ACGCAATG,ACTCCTACGGGAGGCAGCA,GGACTACHVGGGTWTCTAAT,10_P_1,16S3_8,Bacteria,HuaRong,HR,Paddy,HRPaddy,RawSoil,D0,RawSoil_D0,Rice,112.66,29.51,Low_Latitude,Paddy_Low_Latitude,35,8,6.85,HRRP1
HRRP2,ACTGCCAG,ACTCCTACGGGAGGCAGCA,GGACTACHVGGGTWTCTAAT,10_P_2,16S3_9,Bacteria,HuaRong,HR,Paddy,HRPaddy,RawSoil,D0,RawSoil_D0,Rice,112.66,29.51,Low_Latitude,Paddy_Low_Latitude,35,9,7.07,HRRP2
HRRP3,ACTTGGCC,ACTCCTACGGGAGGCAGCA,GGACTACHVGGGTWTCTAAT,10_P_3,16S3_10,Bacteria,HuaRong,HR,Paddy,HRPaddy,RawSoil,D0,RawSoil_D0,Rice,112.66,29.51,Low_Latitude,Paddy_Low_Latitude,35,10,7.04,HRRP3
QJRP1,AGCGAGTC,ACTCCTACGGGAGGCAGCA,GGACTACHVGGGTWTCTAAT,11_P_1,16S3_11,Bacteria,QianJiang,QJ,Paddy,QJPaddy,RawSoil,D0,RawSoil_D0,Rice,112.9,30.43,Mid_Latitude,Paddy_Mid_Latitude,30,11,7.1,QJRP1
QJRP2,AGGATCAT,ACTCCTACGGGAGGCAGCA,GGACTACHVGGGTWTCTAAT,11_P_2,16S3_12,Bacteria,QianJiang,QJ,Paddy,QJPaddy,RawSoil,D0,RawSoil_D0,Rice,112.93,30.39,Mid_Latitude,Paddy_Mid_Latitude,30,12,7.17,QJRP2
QJRP3,ATAACCTC,ACTCCTACGGGAGGCAGCA,GGACTACHVGGGTWTCTAAT,11_P_3,16S3_13,Bacteria,QianJiang,QJ,Paddy,QJPaddy,RawSoil,D0,RawSoil_D0,Rice,112.92,30.4,Mid_Latitude,Paddy_Mid_Latitude,30,13,7.09,QJRP3
XGRP1,ATAGATCT,ACTCCTACGGGAGGCAGCA,GGACTACHVGGGTWTCTAAT,12_P_1,16S3_14,Bacteria,XiaoGan,XG,Paddy,XGPaddy,RawSoil,D0,RawSoil_D0,Rice,113.85,30.94,Mid_Latitude,Paddy_Mid_Latitude,20,14,7.12,XGRP1
XGRP2,ATATTGAG,ACTCCTACGGGAGGCAGCA,GGACTACHVGGGTWTCTAAT,12_P_2,16S3_15,Bacteria,XiaoGan,XG,Paddy,XGPaddy,RawSoil,D0,RawSoil_D0,Rice,113.85,30.94,Mid_Latitude,Paddy_Mid_Latitude,20,15,7.11,XGRP2
XGRP3,ATTAGAGG,ACTCCTACGGGAGGCAGCA,GGACTACHVGGGTWTCTAAT,12_P_3,16S3_16,Bacteria,XiaoGan,XG,Paddy,XGPaddy,RawSoil,D0,RawSoil_D0,Rice,113.85,30.94,Mid_Latitude,Paddy_Mid_Latitude,20,16,6.76,XGRP3
XYRP1,CAGGACTT,ACTCCTACGGGAGGCAGCA,GGACTACHVGGGTWTCTAAT,13_P_1,16S3_17,Bacteria,XinYang,XY,Paddy,XYPaddy,RawSoil,D0,RawSoil_D0,Rice,114.08,32.2,Mid_Latitude,Paddy_Mid_Latitude,120,17,6.74,XYRP1
XYRP2,CATCCTGG,ACTCCTACGGGAGGCAGCA,GGACTACHVGGGTWTCTAAT,13_P_2,16S3_18,Bacteria,XinYang,XY,Paddy,XYPaddy,RawSoil,D0,RawSoil_D0,Rice,114.08,32.2,Mid_Latitude,Paddy_Mid_Latitude,120,18,6.41,XYRP2
XYRP3,CCAATTGC,ACTCCTACGGGAGGCAGCA,GGACTACHVGGGTWTCTAAT,13_P_3,16S3_19,Bacteria,XinYang,XY,Paddy,XYPaddy,RawSoil,D0,RawSoil_D0,Rice,114.07,32.2,Mid_Latitude,Paddy_Mid_Latitude,110,19,6.46,XYRP3
YYRP1,CCGCTGCT,ACTCCTACGGGAGGCAGCA,GGACTACHVGGGTWTCTAAT,15_P_1,16S3_20,Bacteria,YuanYang,YY,Paddy,YYPaddy,RawSoil,D0,RawSoil_D0,Rice,113.69,35.02,Mid_Latitude,Paddy_Mid_Latitude,90,20,7.06,YYRP1
YYRP2,CGATATTG,ACTCCTACGGGAGGCAGCA,GGACTACHVGGGTWTCTAAT,15_P_2,16S3_21,Bacteria,YuanYang,YY,Paddy,YYPaddy,RawSoil,D0,RawSoil_D0,Rice,113.69,35.02,Mid_Latitude,Paddy_Mid_Latitude,90,21,7.2,YYRP2
YYRP3,CTCCGATC,ACTCCTACGGGAGGCAGCA,GGACTACHVGGGTWTCTAAT,15_P_3,16S3_22,Bacteria,YuanYang,YY,Paddy,YYPaddy,RawSoil,D0,RawSoil_D0,Rice,113.68,35.02,Mid_Latitude,Paddy_Mid_Latitude,90,22,7.25,YYRP3
HDRP1,CTCTCGGT,ACTCCTACGGGAGGCAGCA,GGACTACHVGGGTWTCTAAT,16_P_1,16S3_23,Bacteria,HanDan,HD,Paddy,HDPaddy,RawSoil,D0,RawSoil_D0,Rice,114.43,36.44,Mid_Latitude,Paddy_Mid_Latitude,60,23,7.15,HDRP1
HDRP2,GCAAGGTT,ACTCCTACGGGAGGCAGCA,GGACTACHVGGGTWTCTAAT,16_P_2,16S3_24,Bacteria,HanDan,HD,Paddy,HDPaddy,RawSoil,D0,RawSoil_D0,Rice,114.43,36.45,Mid_Latitude,Paddy_Mid_Latitude,60,24,7.09,HDRP2
HDRP3,GCGTATAT,ACTCCTACGGGAGGCAGCA,GGACTACHVGGGTWTCTAAT,16_P_3,16S3_25,Bacteria,HanDan,HD,Paddy,HDPaddy,RawSoil,D0,RawSoil_D0,Rice,114.43,36.45,Mid_Latitude,Paddy_Mid_Latitude,40,25,7.28,HDRP3
QHDRP1,GGAGTCGG,ACTCCTACGGGAGGCAGCA,GGACTACHVGGGTWTCTAAT,19_P_1,16S3_26,Bacteria,QinHuangDao,QHD,Paddy,QHDPaddy,RawSoil,D0,RawSoil_D0,Rice,119.36,39.82,Mid_Latitude,Paddy_Mid_Latitude,10,26,7.23,QHDRP1
QHDRP2,GGCCTTCC,ACTCCTACGGGAGGCAGCA,GGACTACHVGGGTWTCTAAT,19_P_2,16S3_27,Bacteria,QinHuangDao,QHD,Paddy,QHDPaddy,RawSoil,D0,RawSoil_D0,Rice,119.37,39.82,Mid_Latitude,Paddy_Mid_Latitude,10,27,7.17,QHDRP2
QHDRP3,GGTTAAGC,ACTCCTACGGGAGGCAGCA,GGACTACHVGGGTWTCTAAT,19_P_3,16S3_28,Bacteria,QinHuangDao,QHD,Paddy,QHDPaddy,RawSoil,D0,RawSoil_D0,Rice,119.35,39.81,Mid_Latitude,Paddy_Mid_Latitude,10,28,6.99,QHDRP3
PJRP1,AATAATAC,ACTCCTACGGGAGGCAGCA,GGACTACHVGGGTWTCTAAT,20_P_1,16S3_29,Bacteria,PanJin,PJ,Paddy,PJPaddy,RawSoil,D0,RawSoil_D0,Rice,122.13,41.24,High_Latitude,Paddy_High_Latitude,0,5,7.21,PJRP1
PJRP2,TATGAACG,ACTCCTACGGGAGGCAGCA,GGACTACHVGGGTWTCTAAT,20_P_2,16S3_30,Bacteria,PanJin,PJ,Paddy,PJPaddy,RawSoil,D0,RawSoil_D0,Rice,122.13,41.24,High_Latitude,Paddy_High_Latitude,0,30,7.06,PJRP2
PJRP3,TCCGGCGT,ACTCCTACGGGAGGCAGCA,GGACTACHVGGGTWTCTAAT,20_P_3,16S3_31,Bacteria,PanJin,PJ,Paddy,PJPaddy,RawSoil,D0,RawSoil_D0,Rice,122.13,41.24,High_Latitude,Paddy_High_Latitude,0,31,7.13,PJRP3
SYSRP1,TCCTTAAC,ACTCCTACGGGAGGCAGCA,GGACTACHVGGGTWTCTAAT,21_P_1,16S3_32,Bacteria,ShengYang,SYS,Paddy,SYSPaddy,RawSoil,D0,RawSoil_D0,Rice,123.36,42.02,High_Latitude,Paddy_High_Latitude,40,32,7.17,SYSRP1
SYSRP2,TCTACTCT,ACTCCTACGGGAGGCAGCA,GGACTACHVGGGTWTCTAAT,21_P_2,16S3_33,Bacteria,ShengYang,SYS,Paddy,SYSPaddy,RawSoil,D0,RawSoil_D0,Rice,123.36,42.01,High_Latitude,Paddy_High_Latitude,40,33,7.11,SYSRP2
SYSRP3,TGAGCGAT,ACTCCTACGGGAGGCAGCA,GGACTACHVGGGTWTCTAAT,21_P_3,16S3_34,Bacteria,ShengYang,SYS,Paddy,SYSPaddy,RawSoil,D0,RawSoil_D0,Rice,123.36,42.01,High_Latitude,Paddy_High_Latitude,40,34,7.24,SYSRP3
SPRP1,AATCTCCA,ACTCCTACGGGAGGCAGCA,GGACTACHVGGGTWTCTAAT,22_P_1,16S3_35,Bacteria,SiPing,SP,Paddy,SPPaddy,RawSoil,D0,RawSoil_D0,Rice,124.37,43.25,High_Latitude,Paddy_High_Latitude,170,6,7.22,SPRP1
SPRP2,TTACTAGT,ACTCCTACGGGAGGCAGCA,GGACTACHVGGGTWTCTAAT,22_P_2,16S3_36,Bacteria,SiPing,SP,Paddy,SPPaddy,RawSoil,D0,RawSoil_D0,Rice,124.37,43.26,High_Latitude,Paddy_High_Latitude,170,36,7.26,SPRP2
SPRP3,TTCATCCG,ACTCCTACGGGAGGCAGCA,GGACTACHVGGGTWTCTAAT,22_P_3,16S3_37,Bacteria,SiPing,SP,Paddy,SPPaddy,RawSoil,D0,RawSoil_D0,Rice,124.37,43.26,High_Latitude,Paddy_High_Latitude,170,37,7.19,SPRP3
DHRP1,TTGCAGAC,ACTCCTACGGGAGGCAGCA,GGACTACHVGGGTWTCTAAT,23_P_1,16S3_38,Bacteria,DeHui,DH,Paddy,DHPaddy,RawSoil,D0,RawSoil_D0,Rice,125.72,44.56,High_Latitude,Paddy_High_Latitude,170,38,7.04,DHRP1
DHRP2,TTGGCTTG,ACTCCTACGGGAGGCAGCA,GGACTACHVGGGTWTCTAAT,23_P_2,16S3_39,Bacteria,DeHui,DH,Paddy,DHPaddy,RawSoil,D0,RawSoil_D0,Rice,125.76,44.55,High_Latitude,Paddy_High_Latitude,170,39,6.98,DHRP2
DHRP3,CCATCCTT,ACTCCTACGGGAGGCAGCA,GGACTACHVGGGTWTCTAAT,23_P_3,16S3_40,Bacteria,DeHui,DH,Paddy,DHPaddy,RawSoil,D0,RawSoil_D0,Rice,125.77,44.55,High_Latitude,Paddy_High_Latitude,170,40,7.17,DHRP3
HLRP1,AACGTTAC,ACTCCTACGGGAGGCAGCA,GGACTACHVGGGTWTCTAAT,24_P_1,16S3_41,Bacteria,HaiLun,HL,Paddy,HLPaddy,RawSoil,D0,RawSoil_D0,Rice,127.01,47.46,High_Latitude,Paddy_High_Latitude,240,41,7.17,HLRP1
HLRP2,AATTGCCG,ACTCCTACGGGAGGCAGCA,GGACTACHVGGGTWTCTAAT,24_P_2,16S3_42,Bacteria,HaiLun,HL,Paddy,HLPaddy,RawSoil,D0,RawSoil_D0,Rice,127.01,47.46,High_Latitude,Paddy_High_Latitude,240,42,7.17,HLRP2
HLRP3,AGAGAACT,ACTCCTACGGGAGGCAGCA,GGACTACHVGGGTWTCTAAT,24_P_3,16S3_43,Bacteria,HaiLun,HL,Paddy,HLPaddy,RawSoil,D0,RawSoil_D0,Rice,127.01,47.46,High_Latitude,Paddy_High_Latitude,240,43,7.06,HLRP3
HEBRP1,CAGCCGTT,ACTCCTACGGGAGGCAGCA,GGACTACHVGGGTWTCTAAT,25_P_1,16S3_44,Bacteria,HaErBin,HEB,Paddy,HEBPaddy,RawSoil,D0,RawSoil_D0,Rice,126.8,45.83,High_Latitude,Paddy_High_Latitude,120,44,7.25,HEBRP1
HEBRP2,CCAATCAG,ACTCCTACGGGAGGCAGCA,GGACTACHVGGGTWTCTAAT,25_P_2,16S3_45,Bacteria,HaErBin,HEB,Paddy,HEBPaddy,RawSoil,D0,RawSoil_D0,Rice,125.8,45.83,High_Latitude,Paddy_High_Latitude,120,45,7.34,HEBRP2
HEBRP3,CCTTAGGC,ACTCCTACGGGAGGCAGCA,GGACTACHVGGGTWTCTAAT,25_P_3,16S3_46,Bacteria,HaErBin,HEB,Paddy,HEBPaddy,RawSoil,D0,RawSoil_D0,Rice,126.8,45.82,High_Latitude,Paddy_High_Latitude,120,46,7.24,HEBRP3
NJRP1,GGATCTTG,ACTCCTACGGGAGGCAGCA,GGACTACHVGGGTWTCTAAT,26_P_1,16S3_47,Bacteria,NenJiang,NJ,Paddy,NJPaddy,RawSoil,D0,RawSoil_D0,Rice,125.17,49.14,High_Latitude,Paddy_High_Latitude,240,47,7.39,NJRP1
NJRP2,TCCGCGCG,ACTCCTACGGGAGGCAGCA,GGACTACHVGGGTWTCTAAT,26_P_2,16S3_48,Bacteria,NenJiang,NJ,Paddy,NJPaddy,RawSoil,D0,RawSoil_D0,Rice,125.18,49.14,High_Latitude,Paddy_High_Latitude,220,48,7.31,NJRP2
NJRP3,TCTAGATT,ACTCCTACGGGAGGCAGCA,GGACTACHVGGGTWTCTAAT,26_P_3,16S3_49,Bacteria,NenJiang,NJ,Paddy,NJPaddy,RawSoil,D0,RawSoil_D0,Rice,125.18,49.14,High_Latitude,Paddy_High_Latitude,230,49,7.19,NJRP3
HMRP1,TTACCAAC,ACTCCTACGGGAGGCAGCA,GGACTACHVGGGTWTCTAAT,27_P_2,16S3_50,Bacteria,HuMa,HM,Paddy,HMPaddy,RawSoil,D0,RawSoil_D0,Rice,126.63,51.74,High_Latitude,Paddy_High_Latitude,200,50,7.06,HMRP1
HMRP2,TTCTTCTA,ACTCCTACGGGAGGCAGCA,GGACTACHVGGGTWTCTAAT,27_P_3,16S3_51,Bacteria,HuMa,HM,Paddy,HMPaddy,RawSoil,D0,RawSoil_D0,Rice,126.63,51.74,High_Latitude,Paddy_High_Latitude,170,51,6.9,HMRP2
HMRP3,TTGAATGG,ACTCCTACGGGAGGCAGCA,GGACTACHVGGGTWTCTAAT,27_P_4,16S3_52,Bacteria,HuMa,HM,Paddy,HMPaddy,RawSoil,D0,RawSoil_D0,Rice,126.62,51.74,High_Latitude,Paddy_High_Latitude,180,52,6.27,HMRP3
