SampleID,Site,FieldType,Factor,Latitude,Env
1,SYRU1,Upland,MAP,18.34,95.8775
2,SYRU2,Upland,MAP,18.34,95.8775
3,SYRU3,Upland,MAP,18.34,95.8775
4,HKRU1,Upland,MAP,19.76,129.4108333
5,HKRU2,Upland,MAP,19.76,129.4108333
6,HKRU3,Upland,MAP,19.76,129.4108333
7,SXRU1,Upland,MAP,21.4,152.4375
8,SXRU2,Upland,MAP,21.4,152.4375
9,SXRU3,Upland,MAP,21.43,151.3266667
10,YLRU1,Upland,MAP,22.57,137.0591667
11,YLRU2,Upland,MAP,22.57,137.0591667
12,YLRU3,Upland,MAP,22.56,137.0591667
13,WZRU1,Upland,MAP,23.55,136.62
14,WZRU2,Upland,MAP,23.55,136.62
15,WZRU3,Upland,MAP,23.56,136.62
16,JHRU1,Upland,MAP,25.21,130.3975
17,JHRU2,Upland,MAP,25.21,130.3975
18,JHRU3,Upland,MAP,25.21,130.3975
19,QYRU1,Upland,MAP,26.76,112.3283333
20,QYRU2,Upland,MAP,26.76,112.3283333
21,QYRU3,Upland,MAP,26.77,112.3283333
22,LDRU1,Upland,MAP,27.64,113.1925
23,LDRU2,Upland,MAP,27.64,113.1925
24,LDRU3,Upland,MAP,27.62,113.0116667
25,YiYangRU1,Upland,MAP,28.58,109.0183333
26,YiYangRU2,Upland,MAP,28.58,109.0183333
27,YiYangRU3,Upland,MAP,28.58,109.0183333
28,HRRU1,Upland,MAP,29.51,98.20666667
29,HRRU2,Upland,MAP,29.51,98.20666667
30,HRRU3,Upland,MAP,29.51,98.20666667
31,QJRU1,Upland,MAP,30.46,85.87583333
32,QJRU2,Upland,MAP,30.46,85.87583333
33,QJRU3,Upland,MAP,30.46,85.87583333
34,XGRU1,Upland,MAP,30.94,90.10583333
35,XGRU2,Upland,MAP,30.94,90.10583333
36,XGRU3,Upland,MAP,30.94,90.10583333
37,XYRU1,Upland,MAP,32.2,84.42583333
38,XYRU2,Upland,MAP,32.2,84.42583333
39,XYRU3,Upland,MAP,32.2,84.42583333
40,LHRU1,Upland,MAP,33.52,65.73166667
41,LHRU2,Upland,MAP,33.52,65.73166667
42,LHRU3,Upland,MAP,33.52,63.98083333
43,YYRU1,Upland,MAP,35.01,49.0875
44,YYRU2,Upland,MAP,35,49.6525
45,YYRU3,Upland,MAP,35.02,49.0875
46,HDRU1,Upland,MAP,36.43,49.27583333
47,HDRU2,Upland,MAP,36.44,49.27583333
48,HDRU3,Upland,MAP,36.44,49.27583333
49,XJRU1,Upland,MAP,37.88,39.77166667
50,XJRU2,Upland,MAP,37.88,39.77166667
51,XJRU3,Upland,MAP,37.88,39.77166667
52,BZRU1,Upland,MAP,39.15,49.28333333
53,BZRU2,Upland,MAP,39.15,49.28333333
54,BZRU3,Upland,MAP,39.14,49.28333333
55,QHDRU1,Upland,MAP,39.82,52.12666667
56,QHDRU2,Upland,MAP,39.83,52.12666667
57,QHDRU3,Upland,MAP,39.81,52.12666667
58,PJRU1,Upland,MAP,41.24,42.34
59,PJRU2,Upland,MAP,41.24,42.34
60,PJRU3,Upland,MAP,41.24,42.135
61,SYSRU1,Upland,MAP,42,48.92583333
62,SYSRU2,Upland,MAP,42,48.92583333
63,SYSRU3,Upland,MAP,42,48.92583333
64,SPRU1,Upland,MAP,43.26,50.7575
65,SPRU2,Upland,MAP,43.26,50.7575
66,SPRU3,Upland,MAP,43.25,50.99916667
67,DHRU1,Upland,MAP,44.55,56.88
68,DHRU2,Upland,MAP,44.55,56.88
69,DHRU3,Upland,MAP,44.55,56.88
70,HLRU1,Upland,MAP,47.46,56.34916667
71,HLRU2,Upland,MAP,47.46,56.34916667
72,HLRU3,Upland,MAP,47.46,56.34916667
73,HEBRU1,Upland,MAP,45.83,58.99583333
74,HEBRU2,Upland,MAP,45.83,58.99583333
75,HEBRU3,Upland,MAP,45.83,58.99583333
76,NJRU1,Upland,MAP,49.13,52.2075
77,NJRU2,Upland,MAP,49.14,52.2075
78,NJRU3,Upland,MAP,49.14,52.2075
79,HMRU1,Upland,MAP,51.72,39.66166667
80,HMRU2,Upland,MAP,51.72,39.66166667
81,HMRU3,Upland,MAP,51.72,39.66166667
82,MHRU1,Upland,MAP,53.49,38.67
83,MHRU2,Upland,MAP,53.49,38.67
84,MHRU3,Upland,MAP,53.49,38.67
85,SYRP1,Paddy,MAP,18.34,95.8775
86,SYRP2,Paddy,MAP,18.34,95.8775
87,SYRP3,Paddy,MAP,18.34,95.8775
88,HKRP1,Paddy,MAP,19.81,130.5633333
89,HKRP2,Paddy,MAP,19.8,130.5633333
90,HKRP3,Paddy,MAP,19.82,130.5633333
91,SXRP1,Paddy,MAP,21.4,152.4375
92,SXRP2,Paddy,MAP,21.4,152.4375
93,SXRP3,Paddy,MAP,21.43,151.3266667
94,YLRP1,Paddy,MAP,22.57,137.0591667
95,YLRP2,Paddy,MAP,22.57,137.0591667
96,YLRP3,Paddy,MAP,22.56,137.0591667
97,WZRP1,Paddy,MAP,23.55,136.62
98,WZRP2,Paddy,MAP,23.55,136.62
99,WZRP3,Paddy,MAP,23.55,136.62
100,JHRP1,Paddy,MAP,25.21,130.3975
101,JHRP2,Paddy,MAP,25.21,130.3975
102,JHRP3,Paddy,MAP,25.21,130.3975
103,QYRP1,Paddy,MAP,26.76,112.3283333
104,QYRP2,Paddy,MAP,26.76,112.3283333
105,QYRP3,Paddy,MAP,26.76,112.3283333
106,LDRP1,Paddy,MAP,27.63,113.1925
107,LDRP2,Paddy,MAP,27.63,113.1925
108,LDRP3,Paddy,MAP,27.62,113.0116667
109,YiYangRP1,Paddy,MAP,28.6,107.9158333
110,YiYangRP2,Paddy,MAP,28.44,111.2525
111,YiYangRP3,Paddy,MAP,28.6,107.9158333
112,HRRP1,Paddy,MAP,29.51,98.20666667
113,HRRP2,Paddy,MAP,29.51,98.20666667
114,HRRP3,Paddy,MAP,29.51,98.20666667
115,QJRP1,Paddy,MAP,30.43,87.1275
116,QJRP2,Paddy,MAP,30.39,86.835
117,QJRP3,Paddy,MAP,30.4,86.835
118,XGRP1,Paddy,MAP,30.94,90.10583333
119,XGRP2,Paddy,MAP,30.94,90.10583333
120,XGRP3,Paddy,MAP,30.94,90.10583333
121,XYRP1,Paddy,MAP,32.2,84.42583333
122,XYRP2,Paddy,MAP,32.2,84.42583333
123,XYRP3,Paddy,MAP,32.2,84.42583333
124,YYRP1,Paddy,MAP,35.02,49.0875
125,YYRP2,Paddy,MAP,35.02,49.0875
126,YYRP3,Paddy,MAP,35.02,49.0875
127,HDRP1,Paddy,MAP,36.44,49.27583333
128,HDRP2,Paddy,MAP,36.45,49.27583333
129,HDRP3,Paddy,MAP,36.45,49.27583333
130,QHDRP1,Paddy,MAP,39.82,52.12666667
131,QHDRP2,Paddy,MAP,39.82,52.12666667
132,QHDRP3,Paddy,MAP,39.81,52.12666667
133,PJRP1,Paddy,MAP,41.24,42.34
134,PJRP2,Paddy,MAP,41.24,42.34
135,PJRP3,Paddy,MAP,41.24,42.34
136,SYSRP1,Paddy,MAP,42.02,48.24
137,SYSRP2,Paddy,MAP,42.01,48.24
138,SYSRP3,Paddy,MAP,42.01,48.24
139,SPRP1,Paddy,MAP,43.25,50.88666667
140,SPRP2,Paddy,MAP,43.26,50.7575
141,SPRP3,Paddy,MAP,43.26,50.7575
142,DHRP1,Paddy,MAP,44.56,56.89166667
143,DHRP2,Paddy,MAP,44.55,56.88
144,DHRP3,Paddy,MAP,44.55,56.88
145,HLRP1,Paddy,MAP,47.46,56.34916667
146,HLRP2,Paddy,MAP,47.46,56.34916667
147,HLRP3,Paddy,MAP,47.46,56.34916667
148,HEBRP1,Paddy,MAP,45.83,58.99583333
149,HEBRP2,Paddy,MAP,45.83,54.5425
150,HEBRP3,Paddy,MAP,45.82,58.99583333
151,NJRP1,Paddy,MAP,49.14,52.2075
152,NJRP2,Paddy,MAP,49.14,52.2075
153,NJRP3,Paddy,MAP,49.14,52.2075
154,HMRP1,Paddy,MAP,51.74,39.64583333
155,HMRP2,Paddy,MAP,51.74,39.64583333
156,HMRP3,Paddy,MAP,51.74,39.66166667
157,SYRU1,Upland,MAT,18.34,25.17
158,SYRU2,Upland,MAT,18.34,25.17
159,SYRU3,Upland,MAT,18.34,25.17
160,HKRU1,Upland,MAT,19.76,24.72
161,HKRU2,Upland,MAT,19.76,24.72
162,HKRU3,Upland,MAT,19.76,24.72
163,SXRU1,Upland,MAT,21.4,23.82
164,SXRU2,Upland,MAT,21.4,23.82
165,SXRU3,Upland,MAT,21.43,23.82
166,YLRU1,Upland,MAT,22.57,22.17
167,YLRU2,Upland,MAT,22.57,22.17
168,YLRU3,Upland,MAT,22.56,22.17
169,WZRU1,Upland,MAT,23.55,22.15
170,WZRU2,Upland,MAT,23.55,22.15
171,WZRU3,Upland,MAT,23.56,22.15
172,JHRU1,Upland,MAT,25.21,18.7
173,JHRU2,Upland,MAT,25.21,18.7
174,JHRU3,Upland,MAT,25.21,18.7
175,QYRU1,Upland,MAT,26.76,18.88
176,QYRU2,Upland,MAT,26.76,18.88
177,QYRU3,Upland,MAT,26.77,18.88
178,LDRU1,Upland,MAT,27.64,18.03
179,LDRU2,Upland,MAT,27.64,18.03
180,LDRU3,Upland,MAT,27.62,18.03
181,YiYangRU1,Upland,MAT,28.58,18.18
182,YiYangRU2,Upland,MAT,28.58,18.18
183,YiYangRU3,Upland,MAT,28.58,18.18
184,HRRU1,Upland,MAT,29.51,18.26
185,HRRU2,Upland,MAT,29.51,18.26
186,HRRU3,Upland,MAT,29.51,18.26
187,QJRU1,Upland,MAT,30.46,17.8
188,QJRU2,Upland,MAT,30.46,17.8
189,QJRU3,Upland,MAT,30.46,17.8
190,XGRU1,Upland,MAT,30.94,17.71
191,XGRU2,Upland,MAT,30.94,17.71
192,XGRU3,Upland,MAT,30.94,17.71
193,XYRU1,Upland,MAT,32.2,15.99
194,XYRU2,Upland,MAT,32.2,15.99
195,XYRU3,Upland,MAT,32.2,15.99
196,LHRU1,Upland,MAT,33.52,16.39
197,LHRU2,Upland,MAT,33.52,16.39
198,LHRU3,Upland,MAT,33.52,16
199,YYRU1,Upland,MAT,35.01,16.51
200,YYRU2,Upland,MAT,35,16
201,YYRU3,Upland,MAT,35.02,16.51
202,HDRU1,Upland,MAT,36.43,15.21
203,HDRU2,Upland,MAT,36.44,15.21
204,HDRU3,Upland,MAT,36.44,15.21
205,XJRU1,Upland,MAT,37.88,14.78
206,XJRU2,Upland,MAT,37.88,14.78
207,XJRU3,Upland,MAT,37.88,14.78
208,BZRU1,Upland,MAT,39.15,13.89
209,BZRU2,Upland,MAT,39.15,13.89
210,BZRU3,Upland,MAT,39.14,13.89
211,QHDRU1,Upland,MAT,39.82,11.8
212,QHDRU2,Upland,MAT,39.83,11.8
213,QHDRU3,Upland,MAT,39.81,11.8
214,PJRU1,Upland,MAT,41.24,10.49
215,PJRU2,Upland,MAT,41.24,10.49
216,PJRU3,Upland,MAT,41.24,10.49
217,SYSRU1,Upland,MAT,42,9.62
218,SYSRU2,Upland,MAT,42,9.62
219,SYSRU3,Upland,MAT,42,9.62
220,SPRU1,Upland,MAT,43.26,7.5
221,SPRU2,Upland,MAT,43.26,7.5
222,SPRU3,Upland,MAT,43.25,7.45
223,DHRU1,Upland,MAT,44.55,6.31
224,DHRU2,Upland,MAT,44.55,6.31
225,DHRU3,Upland,MAT,44.55,6.31
226,HLRU1,Upland,MAT,47.46,3.05
227,HLRU2,Upland,MAT,47.46,3.05
228,HLRU3,Upland,MAT,47.46,3.05
229,HEBRU1,Upland,MAT,45.83,4.88
230,HEBRU2,Upland,MAT,45.83,4.88
231,HEBRU3,Upland,MAT,45.83,4.88
232,NJRU1,Upland,MAT,49.13,2.38
233,NJRU2,Upland,MAT,49.14,2.38
234,NJRU3,Upland,MAT,49.14,2.38
235,HMRU1,Upland,MAT,51.72,0.31
236,HMRU2,Upland,MAT,51.72,0.31
237,HMRU3,Upland,MAT,51.72,0.31
238,MHRU1,Upland,MAT,53.49,-2.35
239,MHRU2,Upland,MAT,53.49,-2.35
240,MHRU3,Upland,MAT,53.49,-2.35
241,SYRP1,Paddy,MAT,18.34,25.17
242,SYRP2,Paddy,MAT,18.34,25.17
243,SYRP3,Paddy,MAT,18.34,25.17
244,HKRP1,Paddy,MAT,19.81,24.79
245,HKRP2,Paddy,MAT,19.8,24.79
246,HKRP3,Paddy,MAT,19.82,24.79
247,SXRP1,Paddy,MAT,21.4,23.82
248,SXRP2,Paddy,MAT,21.4,23.82
249,SXRP3,Paddy,MAT,21.43,23.82
250,YLRP1,Paddy,MAT,22.57,22.17
251,YLRP2,Paddy,MAT,22.57,22.17
252,YLRP3,Paddy,MAT,22.56,22.17
253,WZRP1,Paddy,MAT,23.55,22.15
254,WZRP2,Paddy,MAT,23.55,22.15
255,WZRP3,Paddy,MAT,23.55,22.15
256,JHRP1,Paddy,MAT,25.21,18.7
257,JHRP2,Paddy,MAT,25.21,18.7
258,JHRP3,Paddy,MAT,25.21,18.7
259,QYRP1,Paddy,MAT,26.76,18.88
260,QYRP2,Paddy,MAT,26.76,18.88
261,QYRP3,Paddy,MAT,26.76,18.88
262,LDRP1,Paddy,MAT,27.63,18.03
263,LDRP2,Paddy,MAT,27.63,18.03
264,LDRP3,Paddy,MAT,27.62,18.03
265,YiYangRP1,Paddy,MAT,28.6,18.18
266,YiYangRP2,Paddy,MAT,28.44,17.62
267,YiYangRP3,Paddy,MAT,28.6,18.18
268,HRRP1,Paddy,MAT,29.51,18.26
269,HRRP2,Paddy,MAT,29.51,18.26
270,HRRP3,Paddy,MAT,29.51,18.26
271,QJRP1,Paddy,MAT,30.43,17.8
272,QJRP2,Paddy,MAT,30.39,17.8
273,QJRP3,Paddy,MAT,30.4,17.8
274,XGRP1,Paddy,MAT,30.94,17.71
275,XGRP2,Paddy,MAT,30.94,17.71
276,XGRP3,Paddy,MAT,30.94,17.71
277,XYRP1,Paddy,MAT,32.2,15.99
278,XYRP2,Paddy,MAT,32.2,15.99
279,XYRP3,Paddy,MAT,32.2,15.99
280,YYRP1,Paddy,MAT,35.02,16.51
281,YYRP2,Paddy,MAT,35.02,16.51
282,YYRP3,Paddy,MAT,35.02,16.51
283,HDRP1,Paddy,MAT,36.44,15.21
284,HDRP2,Paddy,MAT,36.45,15.21
285,HDRP3,Paddy,MAT,36.45,15.21
286,QHDRP1,Paddy,MAT,39.82,11.8
287,QHDRP2,Paddy,MAT,39.82,11.8
288,QHDRP3,Paddy,MAT,39.81,11.8
289,PJRP1,Paddy,MAT,41.24,10.49
290,PJRP2,Paddy,MAT,41.24,10.49
291,PJRP3,Paddy,MAT,41.24,10.49
292,SYSRP1,Paddy,MAT,42.02,9.39
293,SYSRP2,Paddy,MAT,42.01,9.39
294,SYSRP3,Paddy,MAT,42.01,9.39
295,SPRP1,Paddy,MAT,43.25,7.45
296,SPRP2,Paddy,MAT,43.26,7.5
297,SPRP3,Paddy,MAT,43.26,7.5
298,DHRP1,Paddy,MAT,44.56,6.43
299,DHRP2,Paddy,MAT,44.55,6.31
300,DHRP3,Paddy,MAT,44.55,6.31
301,HLRP1,Paddy,MAT,47.46,3.05
302,HLRP2,Paddy,MAT,47.46,3.05
303,HLRP3,Paddy,MAT,47.46,3.05
304,HEBRP1,Paddy,MAT,45.83,4.88
305,HEBRP2,Paddy,MAT,45.83,5.39
306,HEBRP3,Paddy,MAT,45.82,4.88
307,NJRP1,Paddy,MAT,49.14,2.38
308,NJRP2,Paddy,MAT,49.14,2.38
309,NJRP3,Paddy,MAT,49.14,2.38
310,HMRP1,Paddy,MAT,51.74,0.31
311,HMRP2,Paddy,MAT,51.74,0.31
312,HMRP3,Paddy,MAT,51.74,0.31
313,SYRU1,Upland,ST,18.34,25.87
314,SYRU2,Upland,ST,18.34,25.87
315,SYRU3,Upland,ST,18.34,25.87
316,HKRU1,Upland,ST,19.76,25.57
317,HKRU2,Upland,ST,19.76,25.57
318,HKRU3,Upland,ST,19.76,25.57
319,SXRU1,Upland,ST,21.4,24.48
320,SXRU2,Upland,ST,21.4,24.48
321,SXRU3,Upland,ST,21.43,24.48
322,YLRU1,Upland,ST,22.57,22.52
323,YLRU2,Upland,ST,22.57,22.52
324,YLRU3,Upland,ST,22.56,22.52
325,WZRU1,Upland,ST,23.55,22.21
326,WZRU2,Upland,ST,23.55,22.21
327,WZRU3,Upland,ST,23.56,22.21
328,JHRU1,Upland,ST,25.21,18.77
329,JHRU2,Upland,ST,25.21,18.77
330,JHRU3,Upland,ST,25.21,18.77
331,QYRU1,Upland,ST,26.76,19.2
332,QYRU2,Upland,ST,26.76,19.2
333,QYRU3,Upland,ST,26.77,19.2
334,LDRU1,Upland,ST,27.64,18.43
335,LDRU2,Upland,ST,27.64,18.43
336,LDRU3,Upland,ST,27.62,18.43
337,YiYangRU1,Upland,ST,28.58,18.71
338,YiYangRU2,Upland,ST,28.58,18.71
339,YiYangRU3,Upland,ST,28.58,18.71
340,HRRU1,Upland,ST,29.51,18.79
341,HRRU2,Upland,ST,29.51,18.79
342,HRRU3,Upland,ST,29.51,18.79
343,QJRU1,Upland,ST,30.46,18.3
344,QJRU2,Upland,ST,30.46,18.3
345,QJRU3,Upland,ST,30.46,18.3
346,XGRU1,Upland,ST,30.94,18.2
347,XGRU2,Upland,ST,30.94,18.2
348,XGRU3,Upland,ST,30.94,18.2
349,XYRU1,Upland,ST,32.2,16.45
350,XYRU2,Upland,ST,32.2,16.45
351,XYRU3,Upland,ST,32.2,16.45
352,LHRU1,Upland,ST,33.52,17.17
353,LHRU2,Upland,ST,33.52,17.17
354,LHRU3,Upland,ST,33.52,16.82
355,YYRU1,Upland,ST,35.01,17.27
356,YYRU2,Upland,ST,35,16.82
357,YYRU3,Upland,ST,35.02,17.27
358,HDRU1,Upland,ST,36.43,15.97
359,HDRU2,Upland,ST,36.44,15.97
360,HDRU3,Upland,ST,36.44,15.97
361,XJRU1,Upland,ST,37.88,15.52
362,XJRU2,Upland,ST,37.88,15.52
363,XJRU3,Upland,ST,37.88,15.52
364,BZRU1,Upland,ST,39.15,14.36
365,BZRU2,Upland,ST,39.15,14.36
366,BZRU3,Upland,ST,39.14,14.36
367,QHDRU1,Upland,ST,39.82,11.86
368,QHDRU2,Upland,ST,39.83,11.86
369,QHDRU3,Upland,ST,39.81,11.86
370,PJRU1,Upland,ST,41.24,10.78
371,PJRU2,Upland,ST,41.24,10.78
372,PJRU3,Upland,ST,41.24,10.78
373,SYSRU1,Upland,ST,42,10.17
374,SYSRU2,Upland,ST,42,10.17
375,SYSRU3,Upland,ST,42,10.17
376,SPRU1,Upland,ST,43.26,7.99
377,SPRU2,Upland,ST,43.26,7.99
378,SPRU3,Upland,ST,43.25,7.46
379,DHRU1,Upland,ST,44.55,6.97
380,DHRU2,Upland,ST,44.55,6.97
381,DHRU3,Upland,ST,44.55,6.97
382,HLRU1,Upland,ST,47.46,3.34
383,HLRU2,Upland,ST,47.46,3.34
384,HLRU3,Upland,ST,47.46,3.34
385,HEBRU1,Upland,ST,45.83,5.5
386,HEBRU2,Upland,ST,45.83,5.5
387,HEBRU3,Upland,ST,45.83,5.5
388,NJRU1,Upland,ST,49.13,2.37
389,NJRU2,Upland,ST,49.14,2.37
390,NJRU3,Upland,ST,49.14,2.37
391,HMRU1,Upland,ST,51.72,0.24
392,HMRU2,Upland,ST,51.72,0.24
393,HMRU3,Upland,ST,51.72,0.24
394,MHRU1,Upland,ST,53.49,0.03
395,MHRU2,Upland,ST,53.49,0.03
396,MHRU3,Upland,ST,53.49,0.03
397,SYRP1,Paddy,ST,18.34,25.87
398,SYRP2,Paddy,ST,18.34,25.87
399,SYRP3,Paddy,ST,18.34,25.87
400,HKRP1,Paddy,ST,19.81,25.67
401,HKRP2,Paddy,ST,19.8,25.67
402,HKRP3,Paddy,ST,19.82,25.67
403,SXRP1,Paddy,ST,21.4,24.48
404,SXRP2,Paddy,ST,21.4,24.48
405,SXRP3,Paddy,ST,21.43,24.48
406,YLRP1,Paddy,ST,22.57,22.52
407,YLRP2,Paddy,ST,22.57,22.52
408,YLRP3,Paddy,ST,22.56,22.52
409,WZRP1,Paddy,ST,23.55,22.21
410,WZRP2,Paddy,ST,23.55,22.21
411,WZRP3,Paddy,ST,23.55,22.21
412,JHRP1,Paddy,ST,25.21,18.77
413,JHRP2,Paddy,ST,25.21,18.77
414,JHRP3,Paddy,ST,25.21,18.77
415,QYRP1,Paddy,ST,26.76,19.2
416,QYRP2,Paddy,ST,26.76,19.2
417,QYRP3,Paddy,ST,26.76,19.2
418,LDRP1,Paddy,ST,27.63,18.43
419,LDRP2,Paddy,ST,27.63,18.43
420,LDRP3,Paddy,ST,27.62,18.43
421,YiYangRP1,Paddy,ST,28.6,18.71
422,YiYangRP2,Paddy,ST,28.44,18.13
423,YiYangRP3,Paddy,ST,28.6,18.71
424,HRRP1,Paddy,ST,29.51,18.79
425,HRRP2,Paddy,ST,29.51,18.79
426,HRRP3,Paddy,ST,29.51,18.79
427,QJRP1,Paddy,ST,30.43,18.3
428,QJRP2,Paddy,ST,30.39,18.3
429,QJRP3,Paddy,ST,30.4,18.3
430,XGRP1,Paddy,ST,30.94,18.2
431,XGRP2,Paddy,ST,30.94,18.2
432,XGRP3,Paddy,ST,30.94,18.2
433,XYRP1,Paddy,ST,32.2,16.45
434,XYRP2,Paddy,ST,32.2,16.45
435,XYRP3,Paddy,ST,32.2,16.45
436,YYRP1,Paddy,ST,35.02,17.27
437,YYRP2,Paddy,ST,35.02,17.27
438,YYRP3,Paddy,ST,35.02,17.27
439,HDRP1,Paddy,ST,36.44,15.97
440,HDRP2,Paddy,ST,36.45,15.97
441,HDRP3,Paddy,ST,36.45,15.97
442,QHDRP1,Paddy,ST,39.82,11.86
443,QHDRP2,Paddy,ST,39.82,11.86
444,QHDRP3,Paddy,ST,39.81,11.86
445,PJRP1,Paddy,ST,41.24,10.78
446,PJRP2,Paddy,ST,41.24,10.78
447,PJRP3,Paddy,ST,41.24,10.78
448,SYSRP1,Paddy,ST,42.02,9.94
449,SYSRP2,Paddy,ST,42.01,9.94
450,SYSRP3,Paddy,ST,42.01,9.94
451,SPRP1,Paddy,ST,43.25,7.46
452,SPRP2,Paddy,ST,43.26,7.99
453,SPRP3,Paddy,ST,43.26,7.99
454,DHRP1,Paddy,ST,44.56,7.14
455,DHRP2,Paddy,ST,44.55,6.97
456,DHRP3,Paddy,ST,44.55,6.97
457,HLRP1,Paddy,ST,47.46,3.34
458,HLRP2,Paddy,ST,47.46,3.34
459,HLRP3,Paddy,ST,47.46,3.34
460,HEBRP1,Paddy,ST,45.83,5.5
461,HEBRP2,Paddy,ST,45.83,6.1
462,HEBRP3,Paddy,ST,45.82,5.5
463,NJRP1,Paddy,ST,49.14,2.37
464,NJRP2,Paddy,ST,49.14,2.37
465,NJRP3,Paddy,ST,49.14,2.37
466,HMRP1,Paddy,ST,51.74,0.24
467,HMRP2,Paddy,ST,51.74,0.24
468,HMRP3,Paddy,ST,51.74,0.24
469,SYRU1,Upland,pH,18.34,6.61
470,SYRU2,Upland,pH,18.34,6.28
471,SYRU3,Upland,pH,18.34,6.11
472,HKRU1,Upland,pH,19.76,5.89
473,HKRU2,Upland,pH,19.76,5.96
474,HKRU3,Upland,pH,19.76,5.74
475,SXRU1,Upland,pH,21.4,5.51
476,SXRU2,Upland,pH,21.4,5.35
477,SXRU3,Upland,pH,21.43,5.22
478,YLRU1,Upland,pH,22.57,5.65
479,YLRU2,Upland,pH,22.57,5.55
480,YLRU3,Upland,pH,22.56,5.39
481,WZRU1,Upland,pH,23.55,5.98
482,WZRU2,Upland,pH,23.55,5.61
483,WZRU3,Upland,pH,23.56,5.51
484,JHRU1,Upland,pH,25.21,6.1
485,JHRU2,Upland,pH,25.21,5.75
486,JHRU3,Upland,pH,25.21,5.46
487,QYRU1,Upland,pH,26.76,5.38
488,QYRU2,Upland,pH,26.76,5.08
489,QYRU3,Upland,pH,26.77,5.2
490,LDRU1,Upland,pH,27.64,5.56
491,LDRU2,Upland,pH,27.64,5.5
492,LDRU3,Upland,pH,27.62,5.5
493,YiYangRU1,Upland,pH,28.58,5.4
494,YiYangRU2,Upland,pH,28.58,5.28
495,YiYangRU3,Upland,pH,28.58,5.05
496,HRRU1,Upland,pH,29.51,6.54
497,HRRU2,Upland,pH,29.51,6.65
498,HRRU3,Upland,pH,29.51,6.69
499,QJRU1,Upland,pH,30.46,6.73
500,QJRU2,Upland,pH,30.46,6.71
501,QJRU3,Upland,pH,30.46,6.73
502,XGRU1,Upland,pH,30.94,6.34
503,XGRU2,Upland,pH,30.94,5.92
504,XGRU3,Upland,pH,30.94,5.63
505,XYRU1,Upland,pH,32.2,5.8
506,XYRU2,Upland,pH,32.2,5.16
507,XYRU3,Upland,pH,32.2,5.79
508,LHRU1,Upland,pH,33.52,6.61
509,LHRU2,Upland,pH,33.52,4.56
510,LHRU3,Upland,pH,33.52,6.12
511,YYRU1,Upland,pH,35.01,6.73
512,YYRU2,Upland,pH,35,6.89
513,YYRU3,Upland,pH,35.02,7.02
514,HDRU1,Upland,pH,36.43,7
515,HDRU2,Upland,pH,36.44,7.04
516,HDRU3,Upland,pH,36.44,7.05
517,XJRU1,Upland,pH,37.88,6.88
518,XJRU2,Upland,pH,37.88,7.17
519,XJRU3,Upland,pH,37.88,7.54
520,BZRU1,Upland,pH,39.15,7.48
521,BZRU2,Upland,pH,39.15,7.58
522,BZRU3,Upland,pH,39.14,7.56
523,QHDRU1,Upland,pH,39.82,7.43
524,QHDRU2,Upland,pH,39.83,7.26
525,QHDRU3,Upland,pH,39.81,7.37
526,PJRU1,Upland,pH,41.24,7.15
527,PJRU2,Upland,pH,41.24,7.11
528,PJRU3,Upland,pH,41.24,7.2
529,SYSRU1,Upland,pH,42,6.7
530,SYSRU2,Upland,pH,42,6.66
531,SYSRU3,Upland,pH,42,6.14
532,SPRU1,Upland,pH,43.26,5.98
533,SPRU2,Upland,pH,43.26,5.99
534,SPRU3,Upland,pH,43.25,6.12
535,DHRU1,Upland,pH,44.55,6.21
536,DHRU2,Upland,pH,44.55,5.62
537,DHRU3,Upland,pH,44.55,5.26
538,HLRU1,Upland,pH,47.46,5.56
539,HLRU2,Upland,pH,47.46,5.58
540,HLRU3,Upland,pH,47.46,5.51
541,HEBRU1,Upland,pH,45.83,5.96
542,HEBRU2,Upland,pH,45.83,6.05
543,HEBRU3,Upland,pH,45.83,6.12
544,NJRU1,Upland,pH,49.13,5.94
545,NJRU2,Upland,pH,49.14,5.87
546,NJRU3,Upland,pH,49.14,5.84
547,HMRU1,Upland,pH,51.72,5.86
548,HMRU2,Upland,pH,51.72,5.77
549,HMRU3,Upland,pH,51.72,5.77
550,MHRU1,Upland,pH,53.49,5.82
551,MHRU2,Upland,pH,53.49,5.67
552,MHRU3,Upland,pH,53.49,5.86
553,SYRP1,Paddy,pH,18.34,5.75
554,SYRP2,Paddy,pH,18.34,5.85
555,SYRP3,Paddy,pH,18.34,6.05
556,HKRP1,Paddy,pH,19.81,6.07
557,HKRP2,Paddy,pH,19.8,6.1
558,HKRP3,Paddy,pH,19.82,5.8
559,SXRP1,Paddy,pH,21.4,5.81
560,SXRP2,Paddy,pH,21.4,5.85
561,SXRP3,Paddy,pH,21.43,5.89
562,YLRP1,Paddy,pH,22.57,5.67
563,YLRP2,Paddy,pH,22.57,5.79
564,YLRP3,Paddy,pH,22.56,5.65
565,WZRP1,Paddy,pH,23.55,4.92
566,WZRP2,Paddy,pH,23.55,4.58
567,WZRP3,Paddy,pH,23.55,4.74
568,JHRP1,Paddy,pH,25.21,5.34
569,JHRP2,Paddy,pH,25.21,5.47
570,JHRP3,Paddy,pH,25.21,5.44
571,QYRP1,Paddy,pH,26.76,5.74
572,QYRP2,Paddy,pH,26.76,5.74
573,QYRP3,Paddy,pH,26.76,6.39
574,LDRP1,Paddy,pH,27.63,6.62
575,LDRP2,Paddy,pH,27.63,6.75
576,LDRP3,Paddy,pH,27.62,6.89
577,YiYangRP1,Paddy,pH,28.6,6.96
578,YiYangRP2,Paddy,pH,28.44,6.74
579,YiYangRP3,Paddy,pH,28.6,6.56
580,HRRP1,Paddy,pH,29.51,6.85
581,HRRP2,Paddy,pH,29.51,7.07
582,HRRP3,Paddy,pH,29.51,7.04
583,QJRP1,Paddy,pH,30.43,7.1
584,QJRP2,Paddy,pH,30.39,7.17
585,QJRP3,Paddy,pH,30.4,7.09
586,XGRP1,Paddy,pH,30.94,7.12
587,XGRP2,Paddy,pH,30.94,7.11
588,XGRP3,Paddy,pH,30.94,6.76
589,XYRP1,Paddy,pH,32.2,6.74
590,XYRP2,Paddy,pH,32.2,6.41
591,XYRP3,Paddy,pH,32.2,6.46
592,YYRP1,Paddy,pH,35.02,7.06
593,YYRP2,Paddy,pH,35.02,7.2
594,YYRP3,Paddy,pH,35.02,7.25
595,HDRP1,Paddy,pH,36.44,7.15
596,HDRP2,Paddy,pH,36.45,7.09
597,HDRP3,Paddy,pH,36.45,7.28
598,QHDRP1,Paddy,pH,39.82,7.23
599,QHDRP2,Paddy,pH,39.82,7.17
600,QHDRP3,Paddy,pH,39.81,6.99
601,PJRP1,Paddy,pH,41.24,7.21
602,PJRP2,Paddy,pH,41.24,7.06
603,PJRP3,Paddy,pH,41.24,7.13
604,SYSRP1,Paddy,pH,42.02,7.17
605,SYSRP2,Paddy,pH,42.01,7.11
606,SYSRP3,Paddy,pH,42.01,7.24
607,SPRP1,Paddy,pH,43.25,7.22
608,SPRP2,Paddy,pH,43.26,7.26
609,SPRP3,Paddy,pH,43.26,7.19
610,DHRP1,Paddy,pH,44.56,7.04
611,DHRP2,Paddy,pH,44.55,6.98
612,DHRP3,Paddy,pH,44.55,7.17
613,HLRP1,Paddy,pH,47.46,7.17
614,HLRP2,Paddy,pH,47.46,7.17
615,HLRP3,Paddy,pH,47.46,7.06
616,HEBRP1,Paddy,pH,45.83,7.25
617,HEBRP2,Paddy,pH,45.83,7.34
618,HEBRP3,Paddy,pH,45.82,7.24
619,NJRP1,Paddy,pH,49.14,7.39
620,NJRP2,Paddy,pH,49.14,7.31
621,NJRP3,Paddy,pH,49.14,7.19
622,HMRP1,Paddy,pH,51.74,7.06
623,HMRP2,Paddy,pH,51.74,6.9
624,HMRP3,Paddy,pH,51.74,6.27
625,SYRU1,Upland,AP,18.34,19.45
626,SYRU2,Upland,AP,18.34,75.73
627,SYRU3,Upland,AP,18.34,65.37
628,HKRU1,Upland,AP,19.76,63.35
629,HKRU2,Upland,AP,19.76,20.18
630,HKRU3,Upland,AP,19.76,12.2
631,SXRU1,Upland,AP,21.4,151.41
632,SXRU2,Upland,AP,21.4,80.45
633,SXRU3,Upland,AP,21.43,25.34
634,YLRU1,Upland,AP,22.57,19.97
635,YLRU2,Upland,AP,22.57,35.93
636,YLRU3,Upland,AP,22.56,97.73
637,WZRU1,Upland,AP,23.55,2.66
638,WZRU2,Upland,AP,23.55,3.85
639,WZRU3,Upland,AP,23.56,2.31
640,JHRU1,Upland,AP,25.21,22.27
641,JHRU2,Upland,AP,25.21,21.66
642,JHRU3,Upland,AP,25.21,12.51
643,QYRU1,Upland,AP,26.76,44.88
644,QYRU2,Upland,AP,26.76,94.04
645,QYRU3,Upland,AP,26.77,25.18
646,LDRU1,Upland,AP,27.64,12.23
647,LDRU2,Upland,AP,27.64,29.91
648,LDRU3,Upland,AP,27.62,70.43
649,YiYangRU1,Upland,AP,28.58,135.66
650,YiYangRU2,Upland,AP,28.58,124.02
651,YiYangRU3,Upland,AP,28.58,131.27
652,HRRU1,Upland,AP,29.51,10.45
653,HRRU2,Upland,AP,29.51,7.66
654,HRRU3,Upland,AP,29.51,9.35
655,QJRU1,Upland,AP,30.46,5.81
656,QJRU2,Upland,AP,30.46,9.55
657,QJRU3,Upland,AP,30.46,9.17
658,XGRU1,Upland,AP,30.94,24.17
659,XGRU2,Upland,AP,30.94,35.98
660,XGRU3,Upland,AP,30.94,24.85
661,XYRU1,Upland,AP,32.2,10.81
662,XYRU2,Upland,AP,32.2,11.32
663,XYRU3,Upland,AP,32.2,7.39
664,LHRU1,Upland,AP,33.52,17.24
665,LHRU2,Upland,AP,33.52,42.85
666,LHRU3,Upland,AP,33.52,23.55
667,YYRU1,Upland,AP,35.01,29.53
668,YYRU2,Upland,AP,35,33.19
669,YYRU3,Upland,AP,35.02,18.74
670,HDRU1,Upland,AP,36.43,23.01
671,HDRU2,Upland,AP,36.44,29.77
672,HDRU3,Upland,AP,36.44,19
673,XJRU1,Upland,AP,37.88,36.62
674,XJRU2,Upland,AP,37.88,15.18
675,XJRU3,Upland,AP,37.88,41.52
676,BZRU1,Upland,AP,39.15,30.33
677,BZRU2,Upland,AP,39.15,19.1
678,BZRU3,Upland,AP,39.14,18.77
679,QHDRU1,Upland,AP,39.82,9.78
680,QHDRU2,Upland,AP,39.83,56.41
681,QHDRU3,Upland,AP,39.81,56.73
682,PJRU1,Upland,AP,41.24,24.79
683,PJRU2,Upland,AP,41.24,25.17
684,PJRU3,Upland,AP,41.24,24.42
685,SYSRU1,Upland,AP,42,132.8
686,SYSRU2,Upland,AP,42,40.87
687,SYSRU3,Upland,AP,42,54.14
688,SPRU1,Upland,AP,43.26,70.86
689,SPRU2,Upland,AP,43.26,41.98
690,SPRU3,Upland,AP,43.25,58.14
691,DHRU1,Upland,AP,44.55,51.3
692,DHRU2,Upland,AP,44.55,85.16
693,DHRU3,Upland,AP,44.55,89.61
694,HLRU1,Upland,AP,47.46,99.29
695,HLRU2,Upland,AP,47.46,124.91
696,HLRU3,Upland,AP,47.46,79.43
697,HEBRU1,Upland,AP,45.83,39.95
698,HEBRU2,Upland,AP,45.83,34.26
699,HEBRU3,Upland,AP,45.83,48.05
700,NJRU1,Upland,AP,49.13,52.97
701,NJRU2,Upland,AP,49.14,44.15
702,NJRU3,Upland,AP,49.14,24.17
703,HMRU1,Upland,AP,51.72,68.37
704,HMRU2,Upland,AP,51.72,48.8
705,HMRU3,Upland,AP,51.72,91.74
706,MHRU1,Upland,AP,53.49,20.87
707,MHRU2,Upland,AP,53.49,44.07
708,MHRU3,Upland,AP,53.49,40.02
709,SYRP1,Paddy,AP,18.34,18.57
710,SYRP2,Paddy,AP,18.34,20.77
711,SYRP3,Paddy,AP,18.34,27.73
712,HKRP1,Paddy,AP,19.81,60.26
713,HKRP2,Paddy,AP,19.8,66.6
714,HKRP3,Paddy,AP,19.82,135.46
715,SXRP1,Paddy,AP,21.4,12.34
716,SXRP2,Paddy,AP,21.4,8.21
717,SXRP3,Paddy,AP,21.43,33.1
718,YLRP1,Paddy,AP,22.57,43.93
719,YLRP2,Paddy,AP,22.57,35.11
720,YLRP3,Paddy,AP,22.56,29.81
721,WZRP1,Paddy,AP,23.55,7.07
722,WZRP2,Paddy,AP,23.55,18.39
723,WZRP3,Paddy,AP,23.55,26.03
724,JHRP1,Paddy,AP,25.21,51.73
725,JHRP2,Paddy,AP,25.21,38.52
726,JHRP3,Paddy,AP,25.21,57.06
727,QYRP1,Paddy,AP,26.76,13.04
728,QYRP2,Paddy,AP,26.76,15.57
729,QYRP3,Paddy,AP,26.76,13.71
730,LDRP1,Paddy,AP,27.63,59.53
731,LDRP2,Paddy,AP,27.63,17.66
732,LDRP3,Paddy,AP,27.62,33.06
733,YiYangRP1,Paddy,AP,28.6,14.42
734,YiYangRP2,Paddy,AP,28.44,14.84
735,YiYangRP3,Paddy,AP,28.6,22.1
736,HRRP1,Paddy,AP,29.51,14.61
737,HRRP2,Paddy,AP,29.51,19.37
738,HRRP3,Paddy,AP,29.51,12.76
739,QJRP1,Paddy,AP,30.43,15.12
740,QJRP2,Paddy,AP,30.39,13.75
741,QJRP3,Paddy,AP,30.4,9.27
742,XGRP1,Paddy,AP,30.94,20.07
743,XGRP2,Paddy,AP,30.94,13.06
744,XGRP3,Paddy,AP,30.94,14.16
745,XYRP1,Paddy,AP,32.2,10.31
746,XYRP2,Paddy,AP,32.2,9.9
747,XYRP3,Paddy,AP,32.2,10.77
748,YYRP1,Paddy,AP,35.02,83.89
749,YYRP2,Paddy,AP,35.02,73.96
750,YYRP3,Paddy,AP,35.02,34.13
751,HDRP1,Paddy,AP,36.44,45.22
752,HDRP2,Paddy,AP,36.45,24.06
753,HDRP3,Paddy,AP,36.45,19.09
754,QHDRP1,Paddy,AP,39.82,22.44
755,QHDRP2,Paddy,AP,39.82,47
756,QHDRP3,Paddy,AP,39.81,34.28
757,PJRP1,Paddy,AP,41.24,56.74
758,PJRP2,Paddy,AP,41.24,37.07
759,PJRP3,Paddy,AP,41.24,46.77
760,SYSRP1,Paddy,AP,42.02,20.94
761,SYSRP2,Paddy,AP,42.01,25.44
762,SYSRP3,Paddy,AP,42.01,17.8
763,SPRP1,Paddy,AP,43.25,20.02
764,SPRP2,Paddy,AP,43.26,52.18
765,SPRP3,Paddy,AP,43.26,18.78
766,DHRP1,Paddy,AP,44.56,50.15
767,DHRP2,Paddy,AP,44.55,35.79
768,DHRP3,Paddy,AP,44.55,30.31
769,HLRP1,Paddy,AP,47.46,80.93
770,HLRP2,Paddy,AP,47.46,41.91
771,HLRP3,Paddy,AP,47.46,40.08
772,HEBRP1,Paddy,AP,45.83,53.86
773,HEBRP2,Paddy,AP,45.83,53.62
774,HEBRP3,Paddy,AP,45.82,39.3
775,NJRP1,Paddy,AP,49.14,29.82
776,NJRP2,Paddy,AP,49.14,23.47
777,NJRP3,Paddy,AP,49.14,21.66
778,HMRP1,Paddy,AP,51.74,52.27
779,HMRP2,Paddy,AP,51.74,81.77
780,HMRP3,Paddy,AP,51.74,86.99
781,SYRU1,Upland,AK,18.34,85.95
782,SYRU2,Upland,AK,18.34,223.91
783,SYRU3,Upland,AK,18.34,191.38
784,HKRU1,Upland,AK,19.76,171.59
785,HKRU2,Upland,AK,19.76,294.03
786,HKRU3,Upland,AK,19.76,244.11
787,SXRU1,Upland,AK,21.4,134.86
788,SXRU2,Upland,AK,21.4,108.74
789,SXRU3,Upland,AK,21.43,48.72
790,YLRU1,Upland,AK,22.57,92.39
791,YLRU2,Upland,AK,22.57,111.1
792,YLRU3,Upland,AK,22.56,178.61
793,WZRU1,Upland,AK,23.55,90.03
794,WZRU2,Upland,AK,23.55,84.79
795,WZRU3,Upland,AK,23.56,60.09
796,JHRU1,Upland,AK,25.21,257.77
797,JHRU2,Upland,AK,25.21,95.96
798,JHRU3,Upland,AK,25.21,223.43
799,QYRU1,Upland,AK,26.76,135
800,QYRU2,Upland,AK,26.76,130.55
801,QYRU3,Upland,AK,26.77,188.92
802,LDRU1,Upland,AK,27.64,174.15
803,LDRU2,Upland,AK,27.64,148.43
804,LDRU3,Upland,AK,27.62,156.28
805,YiYangRU1,Upland,AK,28.58,526.97
806,YiYangRU2,Upland,AK,28.58,241.73
807,YiYangRU3,Upland,AK,28.58,208.08
808,HRRU1,Upland,AK,29.51,144.32
809,HRRU2,Upland,AK,29.51,130.1
810,HRRU3,Upland,AK,29.51,124.88
811,QJRU1,Upland,AK,30.46,106.28
812,QJRU2,Upland,AK,30.46,99.39
813,QJRU3,Upland,AK,30.46,60.85
814,XGRU1,Upland,AK,30.94,191.21
815,XGRU2,Upland,AK,30.94,292.26
816,XGRU3,Upland,AK,30.94,181.49
817,XYRU1,Upland,AK,32.2,137.56
818,XYRU2,Upland,AK,32.2,165.97
819,XYRU3,Upland,AK,32.2,142.34
820,LHRU1,Upland,AK,33.52,185.78
821,LHRU2,Upland,AK,33.52,156.48
822,LHRU3,Upland,AK,33.52,190.84
823,YYRU1,Upland,AK,35.01,225.96
824,YYRU2,Upland,AK,35,219.17
825,YYRU3,Upland,AK,35.02,124.21
826,HDRU1,Upland,AK,36.43,137.63
827,HDRU2,Upland,AK,36.44,143.77
828,HDRU3,Upland,AK,36.44,111.5
829,XJRU1,Upland,AK,37.88,107.55
830,XJRU2,Upland,AK,37.88,157.92
831,XJRU3,Upland,AK,37.88,117.04
832,BZRU1,Upland,AK,39.15,159.99
833,BZRU2,Upland,AK,39.15,127.55
834,BZRU3,Upland,AK,39.14,114.42
835,QHDRU1,Upland,AK,39.82,80.76
836,QHDRU2,Upland,AK,39.83,99.27
837,QHDRU3,Upland,AK,39.81,56.79
838,PJRU1,Upland,AK,41.24,218.36
839,PJRU2,Upland,AK,41.24,186.97
840,PJRU3,Upland,AK,41.24,184.64
841,SYSRU1,Upland,AK,42,329.81
842,SYSRU2,Upland,AK,42,171.61
843,SYSRU3,Upland,AK,42,182.84
844,SPRU1,Upland,AK,43.26,134.65
845,SPRU2,Upland,AK,43.26,121.65
846,SPRU3,Upland,AK,43.25,137.91
847,DHRU1,Upland,AK,44.55,208.71
848,DHRU2,Upland,AK,44.55,265.1
849,DHRU3,Upland,AK,44.55,185.16
850,HLRU1,Upland,AK,47.46,188.82
851,HLRU2,Upland,AK,47.46,253.47
852,HLRU3,Upland,AK,47.46,148.43
853,HEBRU1,Upland,AK,45.83,543.37
854,HEBRU2,Upland,AK,45.83,212.97
855,HEBRU3,Upland,AK,45.83,172.17
856,NJRU1,Upland,AK,49.13,192.99
857,NJRU2,Upland,AK,49.14,174.85
858,NJRU3,Upland,AK,49.14,208.7
859,HMRU1,Upland,AK,51.72,301.1
860,HMRU2,Upland,AK,51.72,285.72
861,HMRU3,Upland,AK,51.72,282.03
862,MHRU1,Upland,AK,53.49,69.04
863,MHRU2,Upland,AK,53.49,81.05
864,MHRU3,Upland,AK,53.49,69.03
865,SYRP1,Paddy,AK,18.34,67.87
866,SYRP2,Paddy,AK,18.34,72.1
867,SYRP3,Paddy,AK,18.34,97.07
868,HKRP1,Paddy,AK,19.81,221.18
869,HKRP2,Paddy,AK,19.8,209.91
870,HKRP3,Paddy,AK,19.82,482.91
871,SXRP1,Paddy,AK,21.4,49.73
872,SXRP2,Paddy,AK,21.4,59.3
873,SXRP3,Paddy,AK,21.43,53.86
874,YLRP1,Paddy,AK,22.57,132.55
875,YLRP2,Paddy,AK,22.57,96.95
876,YLRP3,Paddy,AK,22.56,176.98
877,WZRP1,Paddy,AK,23.55,54.41
878,WZRP2,Paddy,AK,23.55,59.07
879,WZRP3,Paddy,AK,23.55,48.58
880,JHRP1,Paddy,AK,25.21,178.08
881,JHRP2,Paddy,AK,25.21,185.31
882,JHRP3,Paddy,AK,25.21,95.08
883,QYRP1,Paddy,AK,26.76,60.72
884,QYRP2,Paddy,AK,26.76,77.22
885,QYRP3,Paddy,AK,26.76,43.93
886,LDRP1,Paddy,AK,27.63,273.28
887,LDRP2,Paddy,AK,27.63,171.37
888,LDRP3,Paddy,AK,27.62,113.33
889,YiYangRP1,Paddy,AK,28.6,216.49
890,YiYangRP2,Paddy,AK,28.44,251.41
891,YiYangRP3,Paddy,AK,28.6,129.97
892,HRRP1,Paddy,AK,29.51,132.75
893,HRRP2,Paddy,AK,29.51,207.8
894,HRRP3,Paddy,AK,29.51,88.65
895,QJRP1,Paddy,AK,30.43,84.33
896,QJRP2,Paddy,AK,30.39,99.93
897,QJRP3,Paddy,AK,30.4,115.53
898,XGRP1,Paddy,AK,30.94,155.43
899,XGRP2,Paddy,AK,30.94,210.83
900,XGRP3,Paddy,AK,30.94,125.24
901,XYRP1,Paddy,AK,32.2,160.8
902,XYRP2,Paddy,AK,32.2,153.29
903,XYRP3,Paddy,AK,32.2,154.35
904,YYRP1,Paddy,AK,35.02,216.76
905,YYRP2,Paddy,AK,35.02,175.92
906,YYRP3,Paddy,AK,35.02,158.54
907,HDRP1,Paddy,AK,36.44,143.94
908,HDRP2,Paddy,AK,36.45,135.64
909,HDRP3,Paddy,AK,36.45,129.76
910,QHDRP1,Paddy,AK,39.82,49.43
911,QHDRP2,Paddy,AK,39.82,54.95
912,QHDRP3,Paddy,AK,39.81,67.63
913,PJRP1,Paddy,AK,41.24,224.68
914,PJRP2,Paddy,AK,41.24,253.51
915,PJRP3,Paddy,AK,41.24,207.83
916,SYSRP1,Paddy,AK,42.02,137.82
917,SYSRP2,Paddy,AK,42.01,130.93
918,SYSRP3,Paddy,AK,42.01,127.75
919,SPRP1,Paddy,AK,43.25,116.41
920,SPRP2,Paddy,AK,43.26,190.79
921,SPRP3,Paddy,AK,43.26,120.67
922,DHRP1,Paddy,AK,44.56,272.19
923,DHRP2,Paddy,AK,44.55,262.42
924,DHRP3,Paddy,AK,44.55,232.73
925,HLRP1,Paddy,AK,47.46,217.29
926,HLRP2,Paddy,AK,47.46,167.56
927,HLRP3,Paddy,AK,47.46,232.06
928,HEBRP1,Paddy,AK,45.83,381.8
929,HEBRP2,Paddy,AK,45.83,358.68
930,HEBRP3,Paddy,AK,45.82,314.4
931,NJRP1,Paddy,AK,49.14,182.4
932,NJRP2,Paddy,AK,49.14,217.9
933,NJRP3,Paddy,AK,49.14,191.77
934,HMRP1,Paddy,AK,51.74,131.22
935,HMRP2,Paddy,AK,51.74,131.3
936,HMRP3,Paddy,AK,51.74,138.98
937,SYRU1,Upland,TP,18.34,0.08
938,SYRU2,Upland,TP,18.34,0.11
939,SYRU3,Upland,TP,18.34,0.19
940,HKRU1,Upland,TP,19.76,0.21
941,HKRU2,Upland,TP,19.76,0.17
942,HKRU3,Upland,TP,19.76,0.22
943,SXRU1,Upland,TP,21.4,0.12
944,SXRU2,Upland,TP,21.4,0.15
945,SXRU3,Upland,TP,21.43,0.11
946,YLRU1,Upland,TP,22.57,0.08
947,YLRU2,Upland,TP,22.57,0.24
948,YLRU3,Upland,TP,22.56,0.12
949,WZRU1,Upland,TP,23.55,0.05
950,WZRU2,Upland,TP,23.55,0.06
951,WZRU3,Upland,TP,23.56,0.05
952,JHRU1,Upland,TP,25.21,0.11
953,JHRU2,Upland,TP,25.21,0.09
954,JHRU3,Upland,TP,25.21,0.06
955,QYRU1,Upland,TP,26.76,0.07
956,QYRU2,Upland,TP,26.76,0.13
957,QYRU3,Upland,TP,26.77,0.09
958,LDRU1,Upland,TP,27.64,0.08
959,LDRU2,Upland,TP,27.64,0.12
960,LDRU3,Upland,TP,27.62,0.13
961,YiYangRU1,Upland,TP,28.58,0.14
962,YiYangRU2,Upland,TP,28.58,0.14
963,YiYangRU3,Upland,TP,28.58,0.11
964,HRRU1,Upland,TP,29.51,0.11
965,HRRU2,Upland,TP,29.51,0.11
966,HRRU3,Upland,TP,29.51,0.09
967,QJRU1,Upland,TP,30.46,0.09
968,QJRU2,Upland,TP,30.46,0.09
969,QJRU3,Upland,TP,30.46,0.1
970,XGRU1,Upland,TP,30.94,0.1
971,XGRU2,Upland,TP,30.94,0.08
972,XGRU3,Upland,TP,30.94,0.05
973,XYRU1,Upland,TP,32.2,0.07
974,XYRU2,Upland,TP,32.2,0.1
975,XYRU3,Upland,TP,32.2,0.06
976,LHRU1,Upland,TP,33.52,0.07
977,LHRU2,Upland,TP,33.52,0.08
978,LHRU3,Upland,TP,33.52,0.14
979,YYRU1,Upland,TP,35.01,0.12
980,YYRU2,Upland,TP,35,0.11
981,YYRU3,Upland,TP,35.02,0.09
982,HDRU1,Upland,TP,36.43,0.18
983,HDRU2,Upland,TP,36.44,0.17
984,HDRU3,Upland,TP,36.44,0.15
985,XJRU1,Upland,TP,37.88,0.16
986,XJRU2,Upland,TP,37.88,0.17
987,XJRU3,Upland,TP,37.88,0.12
988,BZRU1,Upland,TP,39.15,0.18
989,BZRU2,Upland,TP,39.15,0.17
990,BZRU3,Upland,TP,39.14,0.15
991,QHDRU1,Upland,TP,39.82,0.08
992,QHDRU2,Upland,TP,39.83,0.12
993,QHDRU3,Upland,TP,39.81,0.09
994,PJRU1,Upland,TP,41.24,0.08
995,PJRU2,Upland,TP,41.24,0.06
996,PJRU3,Upland,TP,41.24,0.07
997,SYSRU1,Upland,TP,42,0.12
998,SYSRU2,Upland,TP,42,0.08
999,SYSRU3,Upland,TP,42,0.08
1000,SPRU1,Upland,TP,43.26,0.1
1001,SPRU2,Upland,TP,43.26,0.08
1002,SPRU3,Upland,TP,43.25,0.08
1003,DHRU1,Upland,TP,44.55,0.1
1004,DHRU2,Upland,TP,44.55,0.13
1005,DHRU3,Upland,TP,44.55,0.11
1006,HLRU1,Upland,TP,47.46,0.18
1007,HLRU2,Upland,TP,47.46,0.17
1008,HLRU3,Upland,TP,47.46,0.15
1009,HEBRU1,Upland,TP,45.83,0.12
1010,HEBRU2,Upland,TP,45.83,0.1
1011,HEBRU3,Upland,TP,45.83,0.09
1012,NJRU1,Upland,TP,49.13,0.13
1013,NJRU2,Upland,TP,49.14,0.12
1014,NJRU3,Upland,TP,49.14,0.13
1015,HMRU1,Upland,TP,51.72,0.16
1016,HMRU2,Upland,TP,51.72,0.15
1017,HMRU3,Upland,TP,51.72,0.15
1018,MHRU1,Upland,TP,53.49,0.1
1019,MHRU2,Upland,TP,53.49,0.14
1020,MHRU3,Upland,TP,53.49,0.1
1021,SYRP1,Paddy,TP,18.34,0.04
1022,SYRP2,Paddy,TP,18.34,0.07
1023,SYRP3,Paddy,TP,18.34,0.05
1024,HKRP1,Paddy,TP,19.81,0.27
1025,HKRP2,Paddy,TP,19.8,0.33
1026,HKRP3,Paddy,TP,19.82,0.33
1027,SXRP1,Paddy,TP,21.4,0.1
1028,SXRP2,Paddy,TP,21.4,0.08
1029,SXRP3,Paddy,TP,21.43,0.13
1030,YLRP1,Paddy,TP,22.57,0.14
1031,YLRP2,Paddy,TP,22.57,0.14
1032,YLRP3,Paddy,TP,22.56,0.11
1033,WZRP1,Paddy,TP,23.55,0.07
1034,WZRP2,Paddy,TP,23.55,0.09
1035,WZRP3,Paddy,TP,23.55,0.08
1036,JHRP1,Paddy,TP,25.21,0.04
1037,JHRP2,Paddy,TP,25.21,0.16
1038,JHRP3,Paddy,TP,25.21,0.15
1039,QYRP1,Paddy,TP,26.76,0.1
1040,QYRP2,Paddy,TP,26.76,0.1
1041,QYRP3,Paddy,TP,26.76,0.1
1042,LDRP1,Paddy,TP,27.63,0.13
1043,LDRP2,Paddy,TP,27.63,0.14
1044,LDRP3,Paddy,TP,27.62,0.11
1045,YiYangRP1,Paddy,TP,28.6,0.08
1046,YiYangRP2,Paddy,TP,28.44,0.08
1047,YiYangRP3,Paddy,TP,28.6,0.08
1048,HRRP1,Paddy,TP,29.51,0.14
1049,HRRP2,Paddy,TP,29.51,0.14
1050,HRRP3,Paddy,TP,29.51,0.12
1051,QJRP1,Paddy,TP,30.43,0.11
1052,QJRP2,Paddy,TP,30.39,0.11
1053,QJRP3,Paddy,TP,30.4,0.11
1054,XGRP1,Paddy,TP,30.94,0.1
1055,XGRP2,Paddy,TP,30.94,0.08
1056,XGRP3,Paddy,TP,30.94,0.07
1057,XYRP1,Paddy,TP,32.2,0.06
1058,XYRP2,Paddy,TP,32.2,0.05
1059,XYRP3,Paddy,TP,32.2,0.05
1060,YYRP1,Paddy,TP,35.02,0.13
1061,YYRP2,Paddy,TP,35.02,0.13
1062,YYRP3,Paddy,TP,35.02,0.13
1063,HDRP1,Paddy,TP,36.44,0.13
1064,HDRP2,Paddy,TP,36.45,0.1
1065,HDRP3,Paddy,TP,36.45,0.1
1066,QHDRP1,Paddy,TP,39.82,0.09
1067,QHDRP2,Paddy,TP,39.82,0.09
1068,QHDRP3,Paddy,TP,39.81,0.11
1069,PJRP1,Paddy,TP,41.24,0.08
1070,PJRP2,Paddy,TP,41.24,0.09
1071,PJRP3,Paddy,TP,41.24,0.1
1072,SYSRP1,Paddy,TP,42.02,0.08
1073,SYSRP2,Paddy,TP,42.01,0.09
1074,SYSRP3,Paddy,TP,42.01,0.09
1075,SPRP1,Paddy,TP,43.25,0.07
1076,SPRP2,Paddy,TP,43.26,0.1
1077,SPRP3,Paddy,TP,43.26,0.07
1078,DHRP1,Paddy,TP,44.56,0.1
1079,DHRP2,Paddy,TP,44.55,0.13
1080,DHRP3,Paddy,TP,44.55,0.07
1081,HLRP1,Paddy,TP,47.46,0.11
1082,HLRP2,Paddy,TP,47.46,0.11
1083,HLRP3,Paddy,TP,47.46,0.12
1084,HEBRP1,Paddy,TP,45.83,0.1
1085,HEBRP2,Paddy,TP,45.83,0.11
1086,HEBRP3,Paddy,TP,45.82,0.1
1087,NJRP1,Paddy,TP,49.14,0.12
1088,NJRP2,Paddy,TP,49.14,0.11
1089,NJRP3,Paddy,TP,49.14,0.12
1090,HMRP1,Paddy,TP,51.74,0.15
1091,HMRP2,Paddy,TP,51.74,0.16
1092,HMRP3,Paddy,TP,51.74,0.14
1093,SYRU1,Upland,TK,18.34,0.61
1094,SYRU2,Upland,TK,18.34,0.7
1095,SYRU3,Upland,TK,18.34,2.82
1096,HKRU1,Upland,TK,19.76,0.36
1097,HKRU2,Upland,TK,19.76,0.4
1098,HKRU3,Upland,TK,19.76,0.45
1099,SXRU1,Upland,TK,21.4,0.47
1100,SXRU2,Upland,TK,21.4,0.56
1101,SXRU3,Upland,TK,21.43,0.33
1102,YLRU1,Upland,TK,22.57,0.4
1103,YLRU2,Upland,TK,22.57,0.42
1104,YLRU3,Upland,TK,22.56,0.44
1105,WZRU1,Upland,TK,23.55,1.13
1106,WZRU2,Upland,TK,23.55,1.11
1107,WZRU3,Upland,TK,23.56,1.19
1108,JHRU1,Upland,TK,25.21,0.88
1109,JHRU2,Upland,TK,25.21,1.01
1110,JHRU3,Upland,TK,25.21,0.79
1111,QYRU1,Upland,TK,26.76,0.85
1112,QYRU2,Upland,TK,26.76,1.02
1113,QYRU3,Upland,TK,26.77,1.01
1114,LDRU1,Upland,TK,27.64,1.04
1115,LDRU2,Upland,TK,27.64,0.94
1116,LDRU3,Upland,TK,27.62,0.88
1117,YiYangRU1,Upland,TK,28.58,1.47
1118,YiYangRU2,Upland,TK,28.58,1.47
1119,YiYangRU3,Upland,TK,28.58,1.66
1120,HRRU1,Upland,TK,29.51,1.68
1121,HRRU2,Upland,TK,29.51,1.73
1122,HRRU3,Upland,TK,29.51,0.94
1123,QJRU1,Upland,TK,30.46,1.5
1124,QJRU2,Upland,TK,30.46,1.81
1125,QJRU3,Upland,TK,30.46,1.88
1126,XGRU1,Upland,TK,30.94,1.79
1127,XGRU2,Upland,TK,30.94,1.75
1128,XGRU3,Upland,TK,30.94,2.11
1129,XYRU1,Upland,TK,32.2,1.48
1130,XYRU2,Upland,TK,32.2,1.72
1131,XYRU3,Upland,TK,32.2,1.44
1132,LHRU1,Upland,TK,33.52,1.54
1133,LHRU2,Upland,TK,33.52,1.62
1134,LHRU3,Upland,TK,33.52,1.84
1135,YYRU1,Upland,TK,35.01,1.71
1136,YYRU2,Upland,TK,35,1.78
1137,YYRU3,Upland,TK,35.02,1.69
1138,HDRU1,Upland,TK,36.43,1.58
1139,HDRU2,Upland,TK,36.44,1.72
1140,HDRU3,Upland,TK,36.44,1.82
1141,XJRU1,Upland,TK,37.88,2.02
1142,XJRU2,Upland,TK,37.88,1.99
1143,XJRU3,Upland,TK,37.88,1.84
1144,BZRU1,Upland,TK,39.15,1.67
1145,BZRU2,Upland,TK,39.15,1.74
1146,BZRU3,Upland,TK,39.14,2.19
1147,QHDRU1,Upland,TK,39.82,2.03
1148,QHDRU2,Upland,TK,39.83,2.25
1149,QHDRU3,Upland,TK,39.81,1.96
1150,PJRU1,Upland,TK,41.24,2.35
1151,PJRU2,Upland,TK,41.24,2.61
1152,PJRU3,Upland,TK,41.24,2.77
1153,SYSRU1,Upland,TK,42,2.17
1154,SYSRU2,Upland,TK,42,1.64
1155,SYSRU3,Upland,TK,42,1.4
1156,SPRU1,Upland,TK,43.26,1.7
1157,SPRU2,Upland,TK,43.26,2.16
1158,SPRU3,Upland,TK,43.25,2.13
1159,DHRU1,Upland,TK,44.55,2.03
1160,DHRU2,Upland,TK,44.55,1.78
1161,DHRU3,Upland,TK,44.55,1.89
1162,HLRU1,Upland,TK,47.46,1.95
1163,HLRU2,Upland,TK,47.46,1.73
1164,HLRU3,Upland,TK,47.46,1.67
1165,HEBRU1,Upland,TK,45.83,2.7
1166,HEBRU2,Upland,TK,45.83,1.95
1167,HEBRU3,Upland,TK,45.83,1.95
1168,NJRU1,Upland,TK,49.13,2.28
1169,NJRU2,Upland,TK,49.14,2.06
1170,NJRU3,Upland,TK,49.14,1.99
1171,HMRU1,Upland,TK,51.72,2.26
1172,HMRU2,Upland,TK,51.72,1.91
1173,HMRU3,Upland,TK,51.72,2.4
1174,MHRU1,Upland,TK,53.49,2.88
1175,MHRU2,Upland,TK,53.49,2.15
1176,MHRU3,Upland,TK,53.49,2.7
1177,SYRP1,Paddy,TK,18.34,2.58
1178,SYRP2,Paddy,TK,18.34,1.93
1179,SYRP3,Paddy,TK,18.34,2.33
1180,HKRP1,Paddy,TK,19.81,1.49
1181,HKRP2,Paddy,TK,19.8,0.92
1182,HKRP3,Paddy,TK,19.82,0.6
1183,SXRP1,Paddy,TK,21.4,0.38
1184,SXRP2,Paddy,TK,21.4,0.48
1185,SXRP3,Paddy,TK,21.43,0.61
1186,YLRP1,Paddy,TK,22.57,1.07
1187,YLRP2,Paddy,TK,22.57,0.89
1188,YLRP3,Paddy,TK,22.56,0.9
1189,WZRP1,Paddy,TK,23.55,0.91
1190,WZRP2,Paddy,TK,23.55,2.52
1191,WZRP3,Paddy,TK,23.55,2.68
1192,JHRP1,Paddy,TK,25.21,2.7
1193,JHRP2,Paddy,TK,25.21,3.11
1194,JHRP3,Paddy,TK,25.21,2.1
1195,QYRP1,Paddy,TK,26.76,2.67
1196,QYRP2,Paddy,TK,26.76,2.8
1197,QYRP3,Paddy,TK,26.76,2.31
1198,LDRP1,Paddy,TK,27.63,1.99
1199,LDRP2,Paddy,TK,27.63,2.06
1200,LDRP3,Paddy,TK,27.62,2.03
1201,YiYangRP1,Paddy,TK,28.6,3.76
1202,YiYangRP2,Paddy,TK,28.44,5.56
1203,YiYangRP3,Paddy,TK,28.6,4.35
1204,HRRP1,Paddy,TK,29.51,3.69
1205,HRRP2,Paddy,TK,29.51,1.84
1206,HRRP3,Paddy,TK,29.51,3.88
1207,QJRP1,Paddy,TK,30.43,3.06
1208,QJRP2,Paddy,TK,30.39,4.47
1209,QJRP3,Paddy,TK,30.4,5.65
1210,XGRP1,Paddy,TK,30.94,5.08
1211,XGRP2,Paddy,TK,30.94,4.34
1212,XGRP3,Paddy,TK,30.94,1.64
1213,XYRP1,Paddy,TK,32.2,1.83
1214,XYRP2,Paddy,TK,32.2,1.9
1215,XYRP3,Paddy,TK,32.2,1.96
1216,YYRP1,Paddy,TK,35.02,5.13
1217,YYRP2,Paddy,TK,35.02,1.84
1218,YYRP3,Paddy,TK,35.02,4.01
1219,HDRP1,Paddy,TK,36.44,3.55
1220,HDRP2,Paddy,TK,36.45,3.1
1221,HDRP3,Paddy,TK,36.45,2.71
1222,QHDRP1,Paddy,TK,39.82,3.52
1223,QHDRP2,Paddy,TK,39.82,2.29
1224,QHDRP3,Paddy,TK,39.81,6.58
1225,PJRP1,Paddy,TK,41.24,6.17
1226,PJRP2,Paddy,TK,41.24,2.89
1227,PJRP3,Paddy,TK,41.24,2.66
1228,SYSRP1,Paddy,TK,42.02,2.38
1229,SYSRP2,Paddy,TK,42.01,2.17
1230,SYSRP3,Paddy,TK,42.01,2.22
1231,SPRP1,Paddy,TK,43.25,3.99
1232,SPRP2,Paddy,TK,43.26,6.15
1233,SPRP3,Paddy,TK,43.26,2.28
1234,DHRP1,Paddy,TK,44.56,4.89
1235,DHRP2,Paddy,TK,44.55,3.13
1236,DHRP3,Paddy,TK,44.55,3.3
1237,HLRP1,Paddy,TK,47.46,2.86
1238,HLRP2,Paddy,TK,47.46,1.61
1239,HLRP3,Paddy,TK,47.46,1.54
1240,HEBRP1,Paddy,TK,45.83,1.56
1241,HEBRP2,Paddy,TK,45.83,1.77
1242,HEBRP3,Paddy,TK,45.82,1.72
1243,NJRP1,Paddy,TK,49.14,2.12
1244,NJRP2,Paddy,TK,49.14,1.57
1245,NJRP3,Paddy,TK,49.14,1.63
1246,HMRP1,Paddy,TK,51.74,1.7
1247,HMRP2,Paddy,TK,51.74,2.19
1248,HMRP3,Paddy,TK,51.74,1.84
1249,SYRU1,Upland,NH_N,18.34,5.33
1250,SYRU2,Upland,NH_N,18.34,3.73
1251,SYRU3,Upland,NH_N,18.34,2.46
1252,HKRU1,Upland,NH_N,19.76,2.83
1253,HKRU2,Upland,NH_N,19.76,1.94
1254,HKRU3,Upland,NH_N,19.76,6.8
1255,SXRU1,Upland,NH_N,21.4,6.26
1256,SXRU2,Upland,NH_N,21.4,7.43
1257,SXRU3,Upland,NH_N,21.43,5.86
1258,YLRU1,Upland,NH_N,22.57,0.71
1259,YLRU2,Upland,NH_N,22.57,0.06
1260,YLRU3,Upland,NH_N,22.56,2.73
1261,WZRU1,Upland,NH_N,23.55,0.28
1262,WZRU2,Upland,NH_N,23.55,1.47
1263,WZRU3,Upland,NH_N,23.56,0.2
1264,JHRU1,Upland,NH_N,25.21,-0.22
1265,JHRU2,Upland,NH_N,25.21,3.31
1266,JHRU3,Upland,NH_N,25.21,0.74
1267,QYRU1,Upland,NH_N,26.76,0.22
1268,QYRU2,Upland,NH_N,26.76,0.17
1269,QYRU3,Upland,NH_N,26.77,-0.03
1270,LDRU1,Upland,NH_N,27.64,-0.06
1271,LDRU2,Upland,NH_N,27.64,0.23
1272,LDRU3,Upland,NH_N,27.62,-0.13
1273,YiYangRU1,Upland,NH_N,28.58,-0.01
1274,YiYangRU2,Upland,NH_N,28.58,0.76
1275,YiYangRU3,Upland,NH_N,28.58,4.83
1276,HRRU1,Upland,NH_N,29.51,0.02
1277,HRRU2,Upland,NH_N,29.51,-0.03
1278,HRRU3,Upland,NH_N,29.51,-0.11
1279,QJRU1,Upland,NH_N,30.46,0.09
1280,QJRU2,Upland,NH_N,30.46,0.22
1281,QJRU3,Upland,NH_N,30.46,-0.08
1282,XGRU1,Upland,NH_N,30.94,-0.05
1283,XGRU2,Upland,NH_N,30.94,0.33
1284,XGRU3,Upland,NH_N,30.94,0.17
1285,XYRU1,Upland,NH_N,32.2,0.67
1286,XYRU2,Upland,NH_N,32.2,47.18
1287,XYRU3,Upland,NH_N,32.2,0.38
1288,LHRU1,Upland,NH_N,33.52,0.09
1289,LHRU2,Upland,NH_N,33.52,17.31
1290,LHRU3,Upland,NH_N,33.52,0.07
1291,YYRU1,Upland,NH_N,35.01,-0.04
1292,YYRU2,Upland,NH_N,35,0.31
1293,YYRU3,Upland,NH_N,35.02,0
1294,HDRU1,Upland,NH_N,36.43,-0.12
1295,HDRU2,Upland,NH_N,36.44,0
1296,HDRU3,Upland,NH_N,36.44,-0.2
1297,XJRU1,Upland,NH_N,37.88,-0.15
1298,XJRU2,Upland,NH_N,37.88,-0.13
1299,XJRU3,Upland,NH_N,37.88,-0.18
1300,BZRU1,Upland,NH_N,39.15,-0.08
1301,BZRU2,Upland,NH_N,39.15,-0.11
1302,BZRU3,Upland,NH_N,39.14,-0.14
1303,QHDRU1,Upland,NH_N,39.82,0.12
1304,QHDRU2,Upland,NH_N,39.83,0.24
1305,QHDRU3,Upland,NH_N,39.81,0.47
1306,PJRU1,Upland,NH_N,41.24,0.15
1307,PJRU2,Upland,NH_N,41.24,0.32
1308,PJRU3,Upland,NH_N,41.24,0.16
1310,SYSRU2,Upland,NH_N,42,1.79
1311,SYSRU3,Upland,NH_N,42,5.33
1312,SPRU1,Upland,NH_N,43.26,0.28
1313,SPRU2,Upland,NH_N,43.26,0.02
1314,SPRU3,Upland,NH_N,43.25,-0.1
1315,DHRU1,Upland,NH_N,44.55,0.26
1316,DHRU2,Upland,NH_N,44.55,1.91
1317,DHRU3,Upland,NH_N,44.55,0.53
1318,HLRU1,Upland,NH_N,47.46,0.04
1319,HLRU2,Upland,NH_N,47.46,0.13
1320,HLRU3,Upland,NH_N,47.46,0.17
1321,HEBRU1,Upland,NH_N,45.83,0.14
1322,HEBRU2,Upland,NH_N,45.83,0.1
1323,HEBRU3,Upland,NH_N,45.83,0.1
1324,NJRU1,Upland,NH_N,49.13,0.09
1325,NJRU2,Upland,NH_N,49.14,0.3
1326,NJRU3,Upland,NH_N,49.14,0.17
1327,HMRU1,Upland,NH_N,51.72,0.3
1328,HMRU2,Upland,NH_N,51.72,0.13
1329,HMRU3,Upland,NH_N,51.72,0.07
1330,MHRU1,Upland,NH_N,53.49,-0.11
1331,MHRU2,Upland,NH_N,53.49,-0.11
1332,MHRU3,Upland,NH_N,53.49,0.08
1333,SYRP1,Paddy,NH_N,18.34,10.02
1334,SYRP2,Paddy,NH_N,18.34,9.66
1335,SYRP3,Paddy,NH_N,18.34,41.68
1336,HKRP1,Paddy,NH_N,19.81,1.49
1337,HKRP2,Paddy,NH_N,19.8,1.84
1338,HKRP3,Paddy,NH_N,19.82,0.79
1339,SXRP1,Paddy,NH_N,21.4,5.94
1340,SXRP2,Paddy,NH_N,21.4,5.25
1341,SXRP3,Paddy,NH_N,21.43,3.17
1342,YLRP1,Paddy,NH_N,22.57,12.87
1343,YLRP2,Paddy,NH_N,22.57,4.06
1344,YLRP3,Paddy,NH_N,22.56,7.31
1345,WZRP1,Paddy,NH_N,23.55,7.38
1346,WZRP2,Paddy,NH_N,23.55,10.5
1347,WZRP3,Paddy,NH_N,23.55,6.5
1348,JHRP1,Paddy,NH_N,25.21,2.66
1349,JHRP2,Paddy,NH_N,25.21,0.23
1350,JHRP3,Paddy,NH_N,25.21,12.57
1351,QYRP1,Paddy,NH_N,26.76,2.28
1352,QYRP2,Paddy,NH_N,26.76,6.01
1353,QYRP3,Paddy,NH_N,26.76,4.6
1354,LDRP1,Paddy,NH_N,27.63,9.62
1355,LDRP2,Paddy,NH_N,27.63,7.32
1356,LDRP3,Paddy,NH_N,27.62,8.42
1357,YiYangRP1,Paddy,NH_N,28.6,23.45
1358,YiYangRP2,Paddy,NH_N,28.44,19.1
1359,YiYangRP3,Paddy,NH_N,28.6,9.83
1360,HRRP1,Paddy,NH_N,29.51,0.05
1361,HRRP2,Paddy,NH_N,29.51,2.51
1362,HRRP3,Paddy,NH_N,29.51,2.3
1363,QJRP1,Paddy,NH_N,30.43,0.18
1364,QJRP2,Paddy,NH_N,30.39,0.03
1365,QJRP3,Paddy,NH_N,30.4,0.08
1366,XGRP1,Paddy,NH_N,30.94,1.45
1367,XGRP2,Paddy,NH_N,30.94,6.14
1368,XGRP3,Paddy,NH_N,30.94,0.44
1369,XYRP1,Paddy,NH_N,32.2,0.38
1370,XYRP2,Paddy,NH_N,32.2,12.89
1371,XYRP3,Paddy,NH_N,32.2,1.11
1372,YYRP1,Paddy,NH_N,35.02,0.59
1373,YYRP2,Paddy,NH_N,35.02,0.16
1374,YYRP3,Paddy,NH_N,35.02,0.12
1375,HDRP1,Paddy,NH_N,36.44,-0.14
1376,HDRP2,Paddy,NH_N,36.45,-0.03
1377,HDRP3,Paddy,NH_N,36.45,-0.04
1378,QHDRP1,Paddy,NH_N,39.82,0.46
1379,QHDRP2,Paddy,NH_N,39.82,0.47
1380,QHDRP3,Paddy,NH_N,39.81,1.51
1381,PJRP1,Paddy,NH_N,41.24,0.95
1382,PJRP2,Paddy,NH_N,41.24,1.72
1383,PJRP3,Paddy,NH_N,41.24,1.03
1384,SYSRP1,Paddy,NH_N,42.02,0.69
1385,SYSRP2,Paddy,NH_N,42.01,2.5
1386,SYSRP3,Paddy,NH_N,42.01,0.66
1387,SPRP1,Paddy,NH_N,43.25,0.29
1388,SPRP2,Paddy,NH_N,43.26,0.07
1389,SPRP3,Paddy,NH_N,43.26,0.16
1390,DHRP1,Paddy,NH_N,44.56,1.2
1391,DHRP2,Paddy,NH_N,44.55,1.07
1392,DHRP3,Paddy,NH_N,44.55,1.72
1393,HLRP1,Paddy,NH_N,47.46,1.37
1394,HLRP2,Paddy,NH_N,47.46,0.62
1395,HLRP3,Paddy,NH_N,47.46,1.24
1396,HEBRP1,Paddy,NH_N,45.83,1.02
1397,HEBRP2,Paddy,NH_N,45.83,2.03
1398,HEBRP3,Paddy,NH_N,45.82,0.44
1399,NJRP1,Paddy,NH_N,49.14,0.04
1400,NJRP2,Paddy,NH_N,49.14,0.26
1401,NJRP3,Paddy,NH_N,49.14,0.05
1402,HMRP1,Paddy,NH_N,51.74,0.94
1403,HMRP2,Paddy,NH_N,51.74,0.74
1404,HMRP3,Paddy,NH_N,51.74,1.28
1405,SYRU1,Upland,NO_N,18.34,6.06
1406,SYRU2,Upland,NO_N,18.34,66.22
1407,SYRU3,Upland,NO_N,18.34,22.52
1408,HKRU1,Upland,NO_N,19.76,14.54
1409,HKRU2,Upland,NO_N,19.76,6.23
1410,HKRU3,Upland,NO_N,19.76,23.69
1411,SXRU1,Upland,NO_N,21.4,22.98
1412,SXRU2,Upland,NO_N,21.4,26.83
1413,SXRU3,Upland,NO_N,21.43,0.86
1414,YLRU1,Upland,NO_N,22.57,13.69
1415,YLRU2,Upland,NO_N,22.57,13.9
1416,YLRU3,Upland,NO_N,22.56,24.71
1417,WZRU1,Upland,NO_N,23.55,6.97
1418,WZRU2,Upland,NO_N,23.55,11.03
1419,WZRU3,Upland,NO_N,23.56,0.72
1420,JHRU1,Upland,NO_N,25.21,15.52
1421,JHRU2,Upland,NO_N,25.21,0.45
1422,JHRU3,Upland,NO_N,25.21,2.8
1423,QYRU1,Upland,NO_N,26.76,27.4
1424,QYRU2,Upland,NO_N,26.76,10.71
1425,QYRU3,Upland,NO_N,26.77,4.46
1426,LDRU1,Upland,NO_N,27.64,6.93
1427,LDRU2,Upland,NO_N,27.64,7.6
1428,LDRU3,Upland,NO_N,27.62,1.63
1429,YiYangRU1,Upland,NO_N,28.58,16.1
1430,YiYangRU2,Upland,NO_N,28.58,5.66
1431,YiYangRU3,Upland,NO_N,28.58,8.77
1432,HRRU1,Upland,NO_N,29.51,0.83
1433,HRRU2,Upland,NO_N,29.51,3.11
1434,HRRU3,Upland,NO_N,29.51,5.07
1435,QJRU1,Upland,NO_N,30.46,7.43
1436,QJRU2,Upland,NO_N,30.46,9.66
1437,QJRU3,Upland,NO_N,30.46,3.57
1438,XGRU1,Upland,NO_N,30.94,2.55
1439,XGRU2,Upland,NO_N,30.94,13.78
1440,XGRU3,Upland,NO_N,30.94,5.58
1441,XYRU1,Upland,NO_N,32.2,14.92
1442,XYRU2,Upland,NO_N,32.2,70.6
1443,XYRU3,Upland,NO_N,32.2,6.55
1444,LHRU1,Upland,NO_N,33.52,17.45
1445,LHRU2,Upland,NO_N,33.52,30.14
1446,LHRU3,Upland,NO_N,33.52,5.91
1447,YYRU1,Upland,NO_N,35.01,3.83
1448,YYRU2,Upland,NO_N,35,5.88
1449,YYRU3,Upland,NO_N,35.02,2.4
1450,HDRU1,Upland,NO_N,36.43,5.01
1451,HDRU2,Upland,NO_N,36.44,7.16
1452,HDRU3,Upland,NO_N,36.44,9.85
1453,XJRU1,Upland,NO_N,37.88,40.09
1454,XJRU2,Upland,NO_N,37.88,20.15
1455,XJRU3,Upland,NO_N,37.88,10.91
1456,BZRU1,Upland,NO_N,39.15,27.04
1457,BZRU2,Upland,NO_N,39.15,8.07
1458,BZRU3,Upland,NO_N,39.14,7.81
1459,QHDRU1,Upland,NO_N,39.82,6.61
1460,QHDRU2,Upland,NO_N,39.83,10.05
1461,QHDRU3,Upland,NO_N,39.81,9.56
1462,PJRU1,Upland,NO_N,41.24,22.45
1463,PJRU2,Upland,NO_N,41.24,62.18
1464,PJRU3,Upland,NO_N,41.24,6.58
1465,SYSRU1,Upland,NO_N,42,45.28
1466,SYSRU2,Upland,NO_N,42,12.97
1467,SYSRU3,Upland,NO_N,42,6.6
1468,SPRU1,Upland,NO_N,43.26,53.4
1469,SPRU2,Upland,NO_N,43.26,10.26
1470,SPRU3,Upland,NO_N,43.25,15.34
1471,DHRU1,Upland,NO_N,44.55,5.68
1472,DHRU2,Upland,NO_N,44.55,65.73
1473,DHRU3,Upland,NO_N,44.55,12.64
1474,HLRU1,Upland,NO_N,47.46,11.66
1475,HLRU2,Upland,NO_N,47.46,11.89
1476,HLRU3,Upland,NO_N,47.46,3.81
1477,HEBRU1,Upland,NO_N,45.83,9.17
1478,HEBRU2,Upland,NO_N,45.83,14.33
1479,HEBRU3,Upland,NO_N,45.83,17.25
1480,NJRU1,Upland,NO_N,49.13,17.86
1481,NJRU2,Upland,NO_N,49.14,20.22
1482,NJRU3,Upland,NO_N,49.14,34.8
1483,HMRU1,Upland,NO_N,51.72,24.73
1484,HMRU2,Upland,NO_N,51.72,15.3
1485,HMRU3,Upland,NO_N,51.72,9.65
1486,MHRU1,Upland,NO_N,53.49,2.48
1487,MHRU2,Upland,NO_N,53.49,8.98
1488,MHRU3,Upland,NO_N,53.49,17.15
1489,SYRP1,Paddy,NO_N,18.34,0.64
1490,SYRP2,Paddy,NO_N,18.34,1.11
1491,SYRP3,Paddy,NO_N,18.34,1.67
1492,HKRP1,Paddy,NO_N,19.81,9.74
1493,HKRP2,Paddy,NO_N,19.8,6
1494,HKRP3,Paddy,NO_N,19.82,25.2
1495,SXRP1,Paddy,NO_N,21.4,3.6
1496,SXRP2,Paddy,NO_N,21.4,0.6
1497,SXRP3,Paddy,NO_N,21.43,9.39
1498,YLRP1,Paddy,NO_N,22.57,55.54
1499,YLRP2,Paddy,NO_N,22.57,10.47
1500,YLRP3,Paddy,NO_N,22.56,16.84
1501,WZRP1,Paddy,NO_N,23.55,12.61
1502,WZRP2,Paddy,NO_N,23.55,13.25
1503,WZRP3,Paddy,NO_N,23.55,9.44
1504,JHRP1,Paddy,NO_N,25.21,22.61
1505,JHRP2,Paddy,NO_N,25.21,31.06
1506,JHRP3,Paddy,NO_N,25.21,12.47
1507,QYRP1,Paddy,NO_N,26.76,10.1
1508,QYRP2,Paddy,NO_N,26.76,15.18
1509,QYRP3,Paddy,NO_N,26.76,38.96
1510,LDRP1,Paddy,NO_N,27.63,19.81
1511,LDRP2,Paddy,NO_N,27.63,40.66
1512,LDRP3,Paddy,NO_N,27.62,47.38
1513,YiYangRP1,Paddy,NO_N,28.6,7.76
1514,YiYangRP2,Paddy,NO_N,28.44,26.29
1515,YiYangRP3,Paddy,NO_N,28.6,6.89
1516,HRRP1,Paddy,NO_N,29.51,30.43
1517,HRRP2,Paddy,NO_N,29.51,44.69
1518,HRRP3,Paddy,NO_N,29.51,26.71
1519,QJRP1,Paddy,NO_N,30.43,42.1
1520,QJRP2,Paddy,NO_N,30.39,10.6
1521,QJRP3,Paddy,NO_N,30.4,11.09
1522,XGRP1,Paddy,NO_N,30.94,6.03
1523,XGRP2,Paddy,NO_N,30.94,5.27
1524,XGRP3,Paddy,NO_N,30.94,9.05
1525,XYRP1,Paddy,NO_N,32.2,23.66
1526,XYRP2,Paddy,NO_N,32.2,15.41
1527,XYRP3,Paddy,NO_N,32.2,11.17
1528,YYRP1,Paddy,NO_N,35.02,40.82
1529,YYRP2,Paddy,NO_N,35.02,31.44
1530,YYRP3,Paddy,NO_N,35.02,13.52
1531,HDRP1,Paddy,NO_N,36.44,49.23
1532,HDRP2,Paddy,NO_N,36.45,44.29
1533,HDRP3,Paddy,NO_N,36.45,18.23
1534,QHDRP1,Paddy,NO_N,39.82,19.71
1535,QHDRP2,Paddy,NO_N,39.82,2.7
1536,QHDRP3,Paddy,NO_N,39.81,42.51
1537,PJRP1,Paddy,NO_N,41.24,3.02
1538,PJRP2,Paddy,NO_N,41.24,11.59
1539,PJRP3,Paddy,NO_N,41.24,2.31
1540,SYSRP1,Paddy,NO_N,42.02,9.1
1541,SYSRP2,Paddy,NO_N,42.01,18.47
1542,SYSRP3,Paddy,NO_N,42.01,7.94
1543,SPRP1,Paddy,NO_N,43.25,13.37
1544,SPRP2,Paddy,NO_N,43.26,19.94
1545,SPRP3,Paddy,NO_N,43.26,6.73
1546,DHRP1,Paddy,NO_N,44.56,1.33
1547,DHRP2,Paddy,NO_N,44.55,4.93
1548,DHRP3,Paddy,NO_N,44.55,3.95
1549,HLRP1,Paddy,NO_N,47.46,19.3
1550,HLRP2,Paddy,NO_N,47.46,14.63
1551,HLRP3,Paddy,NO_N,47.46,23.74
1552,HEBRP1,Paddy,NO_N,45.83,1.8
1553,HEBRP2,Paddy,NO_N,45.83,5.61
1554,HEBRP3,Paddy,NO_N,45.82,7.24
1555,NJRP1,Paddy,NO_N,49.14,18.7
1556,NJRP2,Paddy,NO_N,49.14,18.79
1557,NJRP3,Paddy,NO_N,49.14,19.69
1558,HMRP1,Paddy,NO_N,51.74,8.14
1559,HMRP2,Paddy,NO_N,51.74,4.92
1560,HMRP3,Paddy,NO_N,51.74,3.57
1561,SYRU1,Upland,TN,18.34,1.1
1562,SYRU2,Upland,TN,18.34,1
1563,SYRU3,Upland,TN,18.34,0.7
1564,HKRU1,Upland,TN,19.76,1.3
1565,HKRU2,Upland,TN,19.76,1.3
1566,HKRU3,Upland,TN,19.76,1.4
1567,SXRU1,Upland,TN,21.4,1.2
1568,SXRU2,Upland,TN,21.4,1.2
1569,SXRU3,Upland,TN,21.43,0.8
1570,YLRU1,Upland,TN,22.57,1.1
1571,YLRU2,Upland,TN,22.57,1
1572,YLRU3,Upland,TN,22.56,1.4
1573,WZRU1,Upland,TN,23.55,0.7
1574,WZRU2,Upland,TN,23.55,0.9
1575,WZRU3,Upland,TN,23.56,0.6
1576,JHRU1,Upland,TN,25.21,1.2
1577,JHRU2,Upland,TN,25.21,1.1
1578,JHRU3,Upland,TN,25.21,1.2
1579,QYRU1,Upland,TN,26.76,1
1580,QYRU2,Upland,TN,26.76,1.1
1581,QYRU3,Upland,TN,26.77,1.4
1582,LDRU1,Upland,TN,27.64,1
1583,LDRU2,Upland,TN,27.64,1.2
1584,LDRU3,Upland,TN,27.62,1.3
1585,YiYangRU1,Upland,TN,28.58,1.7
1586,YiYangRU2,Upland,TN,28.58,2
1587,YiYangRU3,Upland,TN,28.58,1.9
1588,HRRU1,Upland,TN,29.51,1
1589,HRRU2,Upland,TN,29.51,0.8
1590,HRRU3,Upland,TN,29.51,1
1591,QJRU1,Upland,TN,30.46,1
1592,QJRU2,Upland,TN,30.46,1
1593,QJRU3,Upland,TN,30.46,1
1594,XGRU1,Upland,TN,30.94,1.2
1595,XGRU2,Upland,TN,30.94,1.3
1596,XGRU3,Upland,TN,30.94,1.2
1597,XYRU1,Upland,TN,32.2,1.2
1598,XYRU2,Upland,TN,32.2,1.1
1599,XYRU3,Upland,TN,32.2,1.1
1600,LHRU1,Upland,TN,33.52,1.3
1601,LHRU2,Upland,TN,33.52,1.2
1602,LHRU3,Upland,TN,33.52,0.9
1603,YYRU1,Upland,TN,35.01,0.9
1604,YYRU2,Upland,TN,35,0.9
1605,YYRU3,Upland,TN,35.02,0.6
1606,HDRU1,Upland,TN,36.43,1.5
1607,HDRU2,Upland,TN,36.44,1.4
1608,HDRU3,Upland,TN,36.44,1.4
1609,XJRU1,Upland,TN,37.88,1.2
1610,XJRU2,Upland,TN,37.88,1.3
1611,XJRU3,Upland,TN,37.88,1.2
1612,BZRU1,Upland,TN,39.15,1
1613,BZRU2,Upland,TN,39.15,1
1614,BZRU3,Upland,TN,39.14,0.9
1615,QHDRU1,Upland,TN,39.82,0.7
1616,QHDRU2,Upland,TN,39.83,1
1617,QHDRU3,Upland,TN,39.81,0.7
1618,PJRU1,Upland,TN,41.24,0.9
1619,PJRU2,Upland,TN,41.24,0.5
1620,PJRU3,Upland,TN,41.24,0.5
1621,SYSRU1,Upland,TN,42,1.5
1622,SYSRU2,Upland,TN,42,1.1
1623,SYSRU3,Upland,TN,42,1.2
1624,SPRU1,Upland,TN,43.26,1.3
1625,SPRU2,Upland,TN,43.26,1.1
1626,SPRU3,Upland,TN,43.25,1.1
1627,DHRU1,Upland,TN,44.55,1.4
1628,DHRU2,Upland,TN,44.55,1.4
1629,DHRU3,Upland,TN,44.55,1.3
1630,HLRU1,Upland,TN,47.46,3.4
1631,HLRU2,Upland,TN,47.46,2.2
1632,HLRU3,Upland,TN,47.46,2.4
1633,HEBRU1,Upland,TN,45.83,1.6
1634,HEBRU2,Upland,TN,45.83,1.7
1635,HEBRU3,Upland,TN,45.83,1.6
1636,NJRU1,Upland,TN,49.13,2.8
1637,NJRU2,Upland,TN,49.14,2.9
1638,NJRU3,Upland,TN,49.14,2.7
1639,HMRU1,Upland,TN,51.72,1.7
1640,HMRU2,Upland,TN,51.72,1.9
1641,HMRU3,Upland,TN,51.72,1.8
1642,MHRU1,Upland,TN,53.49,1.3
1643,MHRU2,Upland,TN,53.49,2.1
1644,MHRU3,Upland,TN,53.49,0.9
1645,SYRP1,Paddy,TN,18.34,0.8
1646,SYRP2,Paddy,TN,18.34,1.2
1647,SYRP3,Paddy,TN,18.34,1
1648,HKRP1,Paddy,TN,19.81,2.4
1649,HKRP2,Paddy,TN,19.8,2.2
1650,HKRP3,Paddy,TN,19.82,1.8
1651,SXRP1,Paddy,TN,21.4,2.1
1652,SXRP2,Paddy,TN,21.4,1.9
1653,SXRP3,Paddy,TN,21.43,1.8
1654,YLRP1,Paddy,TN,22.57,2.2
1655,YLRP2,Paddy,TN,22.57,2.4
1656,YLRP3,Paddy,TN,22.56,2.8
1657,WZRP1,Paddy,TN,23.55,1.7
1658,WZRP2,Paddy,TN,23.55,1.9
1659,WZRP3,Paddy,TN,23.55,1.7
1660,JHRP1,Paddy,TN,25.21,2.7
1661,JHRP2,Paddy,TN,25.21,2.6
1662,JHRP3,Paddy,TN,25.21,2
1663,QYRP1,Paddy,TN,26.76,1.3
1664,QYRP2,Paddy,TN,26.76,2.6
1665,QYRP3,Paddy,TN,26.76,2.6
1666,LDRP1,Paddy,TN,27.63,3.1
1667,LDRP2,Paddy,TN,27.63,3
1668,LDRP3,Paddy,TN,27.62,2.8
1669,YiYangRP1,Paddy,TN,28.6,2.5
1670,YiYangRP2,Paddy,TN,28.44,2.7
1671,YiYangRP3,Paddy,TN,28.6,1.6
1672,HRRP1,Paddy,TN,29.51,3.2
1673,HRRP2,Paddy,TN,29.51,3.3
1674,HRRP3,Paddy,TN,29.51,2.6
1675,QJRP1,Paddy,TN,30.43,1.8
1676,QJRP2,Paddy,TN,30.39,1.6
1677,QJRP3,Paddy,TN,30.4,2
1678,XGRP1,Paddy,TN,30.94,1.4
1679,XGRP2,Paddy,TN,30.94,1.6
1680,XGRP3,Paddy,TN,30.94,1.3
1681,XYRP1,Paddy,TN,32.2,1.2
1682,XYRP2,Paddy,TN,32.2,1.5
1683,XYRP3,Paddy,TN,32.2,1.6
1684,YYRP1,Paddy,TN,35.02,1
1685,YYRP2,Paddy,TN,35.02,0.8
1686,YYRP3,Paddy,TN,35.02,0.7
1687,HDRP1,Paddy,TN,36.44,2.1
1688,HDRP2,Paddy,TN,36.45,1.2
1689,HDRP3,Paddy,TN,36.45,1.3
1690,QHDRP1,Paddy,TN,39.82,1.1
1691,QHDRP2,Paddy,TN,39.82,1.1
1692,QHDRP3,Paddy,TN,39.81,1.2
1693,PJRP1,Paddy,TN,41.24,1.2
1694,PJRP2,Paddy,TN,41.24,1.3
1695,PJRP3,Paddy,TN,41.24,1.3
1696,SYSRP1,Paddy,TN,42.02,1.6
1697,SYSRP2,Paddy,TN,42.01,1.5
1698,SYSRP3,Paddy,TN,42.01,1.4
1699,SPRP1,Paddy,TN,43.25,1.8
1700,SPRP2,Paddy,TN,43.26,1.7
1701,SPRP3,Paddy,TN,43.26,1.6
1702,DHRP1,Paddy,TN,44.56,1.5
1703,DHRP2,Paddy,TN,44.55,1.4
1704,DHRP3,Paddy,TN,44.55,1.2
1705,HLRP1,Paddy,TN,47.46,2.6
1706,HLRP2,Paddy,TN,47.46,1.9
1707,HLRP3,Paddy,TN,47.46,2.7
1708,HEBRP1,Paddy,TN,45.83,2
1709,HEBRP2,Paddy,TN,45.83,1.9
1710,HEBRP3,Paddy,TN,45.82,1.7
1711,NJRP1,Paddy,TN,49.14,3.8
1712,NJRP2,Paddy,TN,49.14,3.9
1713,NJRP3,Paddy,TN,49.14,2.9
1714,HMRP1,Paddy,TN,51.74,2.3
1715,HMRP2,Paddy,TN,51.74,1.7
1716,HMRP3,Paddy,TN,51.74,1.6
1717,SYRU1,Upland,OM,18.34,22.412
1718,SYRU2,Upland,OM,18.34,17.757
1719,SYRU3,Upland,OM,18.34,13.792
1720,HKRU1,Upland,OM,19.76,25.343
1721,HKRU2,Upland,OM,19.76,25.17
1722,HKRU3,Upland,OM,19.76,27.584
1723,SXRU1,Upland,OM,21.4,26.55
1724,SXRU2,Upland,OM,21.4,28.791
1725,SXRU3,Upland,OM,21.43,15.688
1726,YLRU1,Upland,OM,22.57,23.791
1727,YLRU2,Upland,OM,22.57,18.792
1728,YLRU3,Upland,OM,22.56,28.446
1729,WZRU1,Upland,OM,23.55,9.137
1730,WZRU2,Upland,OM,23.55,12.585
1731,WZRU3,Upland,OM,23.56,7.586
1732,JHRU1,Upland,OM,25.21,21.033
1733,JHRU2,Upland,OM,25.21,20.688
1734,JHRU3,Upland,OM,25.21,23.619
1735,QYRU1,Upland,OM,26.76,14.654
1736,QYRU2,Upland,OM,26.76,18.792
1737,QYRU3,Upland,OM,26.77,42.238
1738,LDRU1,Upland,OM,27.64,16.55
1739,LDRU2,Upland,OM,27.64,28.791
1740,LDRU3,Upland,OM,27.62,27.756
1741,YiYangRU1,Upland,OM,28.58,27.756
1742,YiYangRU2,Upland,OM,28.58,32.928
1743,YiYangRU3,Upland,OM,28.58,33.101
1744,HRRU1,Upland,OM,29.51,25.86
1745,HRRU2,Upland,OM,29.51,24.998
1746,HRRU3,Upland,OM,29.51,26.205
1747,QJRU1,Upland,OM,30.46,16.723
1748,QJRU2,Upland,OM,30.46,14.826
1749,QJRU3,Upland,OM,30.46,16.378
1750,XGRU1,Upland,OM,30.94,17.068
1751,XGRU2,Upland,OM,30.94,19.309
1752,XGRU3,Upland,OM,30.94,19.481
1753,XYRU1,Upland,OM,32.2,18.447
1754,XYRU2,Upland,OM,32.2,18.102
1755,XYRU3,Upland,OM,32.2,18.102
1756,LHRU1,Upland,OM,33.52,23.102
1757,LHRU2,Upland,OM,33.52,21.205
1758,LHRU3,Upland,OM,33.52,33.963
1759,YYRU1,Upland,OM,35.01,32.584
1760,YYRU2,Upland,OM,35,32.584
1761,YYRU3,Upland,OM,35.02,27.756
1762,HDRU1,Upland,OM,36.43,42.928
1763,HDRU2,Upland,OM,36.44,43.79
1764,HDRU3,Upland,OM,36.44,42.238
1765,XJRU1,Upland,OM,37.88,38.962
1766,XJRU2,Upland,OM,37.88,43.1
1767,XJRU3,Upland,OM,37.88,37.928
1768,BZRU1,Upland,OM,39.15,32.928
1769,BZRU2,Upland,OM,39.15,32.928
1770,BZRU3,Upland,OM,39.14,33.101
1771,QHDRU1,Upland,OM,39.82,10.861
1772,QHDRU2,Upland,OM,39.83,15.688
1773,QHDRU3,Upland,OM,39.81,11.034
1774,PJRU1,Upland,OM,41.24,14.654
1775,PJRU2,Upland,OM,41.24,7.586
1776,PJRU3,Upland,OM,41.24,8.448
1777,SYSRU1,Upland,OM,42,22.24
1778,SYSRU2,Upland,OM,42,22.412
1779,SYSRU3,Upland,OM,42,21.378
1780,SPRU1,Upland,OM,43.26,24.136
1781,SPRU2,Upland,OM,43.26,23.446
1782,SPRU3,Upland,OM,43.25,22.584
1783,DHRU1,Upland,OM,44.55,29.308
1784,DHRU2,Upland,OM,44.55,27.756
1785,DHRU3,Upland,OM,44.55,28.791
1786,HLRU1,Upland,OM,47.46,79.649
1787,HLRU2,Upland,OM,47.46,56.202
1788,HLRU3,Upland,OM,47.46,58.444
1789,HEBRU1,Upland,OM,45.83,35.687
1790,HEBRU2,Upland,OM,45.83,36.721
1791,HEBRU3,Upland,OM,45.83,33.79
1792,NJRU1,Upland,OM,49.13,61.03
1793,NJRU2,Upland,OM,49.14,61.719
1794,NJRU3,Upland,OM,49.14,58.099
1795,HMRU1,Upland,OM,51.72,36.376
1796,HMRU2,Upland,OM,51.72,40.859
1797,HMRU3,Upland,OM,51.72,37.583
1798,MHRU1,Upland,OM,53.49,27.584
1799,MHRU2,Upland,OM,53.49,50.858
1800,MHRU3,Upland,OM,53.49,19.136
1801,SYRP1,Paddy,OM,18.34,14.826
1802,SYRP2,Paddy,OM,18.34,24.998
1803,SYRP3,Paddy,OM,18.34,18.619
1804,HKRP1,Paddy,OM,19.81,44.479
1805,HKRP2,Paddy,OM,19.8,40.859
1806,HKRP3,Paddy,OM,19.82,34.48
1807,SXRP1,Paddy,OM,21.4,48.962
1808,SXRP2,Paddy,OM,21.4,44.652
1809,SXRP3,Paddy,OM,21.43,38.79
1810,YLRP1,Paddy,OM,22.57,38.962
1811,YLRP2,Paddy,OM,22.57,42.066
1812,YLRP3,Paddy,OM,22.56,52.237
1813,WZRP1,Paddy,OM,23.55,27.239
1814,WZRP2,Paddy,OM,23.55,31.377
1815,WZRP3,Paddy,OM,23.55,27.067
1816,JHRP1,Paddy,OM,25.21,48.444
1817,JHRP2,Paddy,OM,25.21,41.548
1818,JHRP3,Paddy,OM,25.21,35.17
1819,QYRP1,Paddy,OM,26.76,22.24
1820,QYRP2,Paddy,OM,26.76,46.72
1821,QYRP3,Paddy,OM,26.76,45.169
1822,LDRP1,Paddy,OM,27.63,69.477
1823,LDRP2,Paddy,OM,27.63,57.409
1824,LDRP3,Paddy,OM,27.62,62.409
1825,YiYangRP1,Paddy,OM,28.6,41.031
1826,YiYangRP2,Paddy,OM,28.44,44.479
1827,YiYangRP3,Paddy,OM,28.6,26.55
1828,HRRP1,Paddy,OM,29.51,60.857
1829,HRRP2,Paddy,OM,29.51,75.511
1830,HRRP3,Paddy,OM,29.51,56.03
1831,QJRP1,Paddy,OM,30.43,29.998
1832,QJRP2,Paddy,OM,30.39,24.998
1833,QJRP3,Paddy,OM,30.4,33.273
1834,XGRP1,Paddy,OM,30.94,24.481
1835,XGRP2,Paddy,OM,30.94,28.101
1836,XGRP3,Paddy,OM,30.94,23.619
1837,XYRP1,Paddy,OM,32.2,20.343
1838,XYRP2,Paddy,OM,32.2,26.032
1839,XYRP3,Paddy,OM,32.2,29.308
1840,YYRP1,Paddy,OM,35.02,36.376
1841,YYRP2,Paddy,OM,35.02,32.584
1842,YYRP3,Paddy,OM,35.02,31.894
1843,HDRP1,Paddy,OM,36.44,59.65
1844,HDRP2,Paddy,OM,36.45,38.79
1845,HDRP3,Paddy,OM,36.45,39.307
1846,QHDRP1,Paddy,OM,39.82,21.722
1847,QHDRP2,Paddy,OM,39.82,21.378
1848,QHDRP3,Paddy,OM,39.81,20.343
1849,PJRP1,Paddy,OM,41.24,21.205
1850,PJRP2,Paddy,OM,41.24,21.722
1851,PJRP3,Paddy,OM,41.24,23.102
1852,SYSRP1,Paddy,OM,42.02,33.273
1853,SYSRP2,Paddy,OM,42.01,33.101
1854,SYSRP3,Paddy,OM,42.01,31.204
1855,SPRP1,Paddy,OM,43.25,38.273
1856,SPRP2,Paddy,OM,43.26,34.48
1857,SPRP3,Paddy,OM,43.26,32.411
1858,DHRP1,Paddy,OM,44.56,29.998
1859,DHRP2,Paddy,OM,44.55,26.032
1860,DHRP3,Paddy,OM,44.55,25.86
1861,HLRP1,Paddy,OM,47.46,62.064
1862,HLRP2,Paddy,OM,47.46,42.583
1863,HLRP3,Paddy,OM,47.46,61.547
1864,HEBRP1,Paddy,OM,45.83,46.031
1865,HEBRP2,Paddy,OM,45.83,44.996
1866,HEBRP3,Paddy,OM,45.82,39.652
1867,NJRP1,Paddy,OM,49.14,76.718
1868,NJRP2,Paddy,OM,49.14,81.2
1869,NJRP3,Paddy,OM,49.14,60.168
1870,HMRP1,Paddy,OM,51.74,50.858
1871,HMRP2,Paddy,OM,51.74,36.032
1872,HMRP3,Paddy,OM,51.74,32.239
